1593561600000,9138.88,9138.88,9090.00,9123.29,8640.015,1593565199999,78748494.89655,23820,3832.815,34937944.91621,0
1593565200000,9123.29,9132.46,9101.22,9124.50,3607.890,1593568799999,32897447.94544,11370,1607.244,14655370.33001,0
1593568800000,9124.50,9147.00,9114.02,9135.01,4420.298,1593572399999,40379730.33337,12987,2038.917,18626631.05476,0
1593572400000,9135.01,9142.77,9114.57,9138.76,2898.451,1593575999999,26460690.78994,10089,1440.144,13149603.09753,0
1593576000000,9139.22,9162.88,9139.21,9146.97,5291.693,1593579599999,48424994.13062,14632,2711.209,24811197.61566,0
1593579600000,9146.96,9154.31,9132.00,9143.20,3053.808,1593583199999,27924143.41628,9524,1440.858,13175416.40967,0
1593583200000,9143.20,9149.95,9126.00,9136.21,3160.073,1593586799999,28872683.79336,9983,1365.142,12473098.01303,0
1593586800000,9136.21,9157.00,9131.15,9136.45,3541.850,1593590399999,32395587.70125,11478,1810.486,16559273.60625,0
1593590400000,9136.45,9200.00,9135.00,9174.61,11795.801,1593593999999,108195403.24587,27734,6732.572,61763408.84421,0
1593594000000,9174.61,9184.00,9155.00,9167.35,4794.040,1593597599999,43960430.09213,14378,2259.745,20721389.31522,0
1593597600000,9167.26,9178.00,9143.03,9150.99,5978.758,1593601199999,54739787.32171,16918,2395.292,21930594.07037,0
1593601200000,9150.99,9159.00,9135.04,9157.72,4276.751,1593604799999,39120793.15742,13547,2057.322,18819093.10014,0
1593604800000,9157.72,9166.81,9137.19,9165.53,4166.867,1593608399999,38126022.39241,13835,2164.896,19808445.87672,0
1593608400000,9165.53,9258.00,9152.81,9212.07,24673.822,1593611999999,227309979.03575,53936,14063.922,129581130.47639,0
1593612000000,9212.07,9247.25,9207.00,9218.56,11773.413,1593615599999,108615651.67865,27339,5655.851,52176233.32178,0
1593615600000,9218.56,9268.95,9213.03,9263.75,10883.357,1593619199999,100576177.43562,28634,5924.983,54764523.80549,0
1593619200000,9263.75,9293.00,9229.81,9284.13,16896.785,1593622799999,156636797.24884,39948,8825.018,81826663.65790,0
1593622800000,9284.12,9289.05,9261.00,9275.46,5896.695,1593626399999,54688433.28158,17722,2688.588,24937182.00036,0
1593626400000,9275.45,9279.23,9245.00,9255.50,5668.437,1593629999999,52498317.15235,16094,2686.129,24878928.32016,0
1593630000000,9255.49,9270.09,9235.12,9238.59,4479.794,1593633599999,41457013.96602,14686,2035.832,18841647.56622,0
1593633600000,9238.60,9258.81,9231.04,9235.63,3954.827,1593637199999,36557774.06548,13473,1872.062,17305905.94628,0
1593637200000,9235.62,9246.66,9220.76,9237.49,4488.510,1593640799999,41442827.36771,17078,2299.335,21229873.44332,0
1593640800000,9237.49,9248.79,9210.00,9240.99,4323.569,1593644399999,39900656.47612,15672,2234.825,20629299.95316,0
1593644400000,9240.99,9249.00,9224.52,9233.29,2976.681,1593647999999,27497855.36666,11639,1490.944,13771953.88730,0
1593648000000,9233.29,9244.29,9217.59,9226.55,3722.593,1593651599999,34364031.92187,12987,1631.780,15064035.93953,0
1593651600000,9226.55,9248.00,9220.13,9247.99,2666.475,1593655199999,24619050.15439,9653,1338.568,12360039.76523,0
1593655200000,9247.53,9262.99,9238.88,9239.01,4425.361,1593658799999,40934573.58732,13195,2462.275,22776674.36059,0
1593658800000,9239.01,9249.00,9230.11,9237.00,1596.446,1593662399999,14748014.88011,7301,701.284,6478924.27609,0
1593662400000,9237.04,9243.08,9227.00,9237.36,2065.084,1593665999999,19070343.50709,7897,923.775,8530479.41943,0
1593666000000,9237.36,9253.32,9203.78,9212.69,7721.393,1593669599999,71275216.79346,21080,3473.844,32070882.15607,0
1593669600000,9211.80,9217.67,9177.00,9205.44,13830.067,1593673199999,127198520.10216,35348,6127.860,56370149.24865,0
1593673200000,9205.43,9218.71,9197.00,9209.37,3804.817,1593676799999,35043279.97852,14119,1869.216,17216889.75893,0
1593676800000,9209.38,9220.00,9171.00,9211.50,7393.269,1593680399999,67999615.76929,22606,3485.735,32065825.20016,0
1593680400000,9211.50,9223.00,9205.00,9214.64,3917.330,1593683999999,36094900.20891,13041,2170.408,19999335.10525,0
1593684000000,9214.63,9218.44,9190.30,9210.02,5098.347,1593687599999,46910437.91214,15052,2463.971,22671415.16871,0
1593687600000,9210.01,9210.01,9177.20,9198.52,6639.542,1593691199999,61020756.99083,18346,2880.125,26471785.78215,0
1593691200000,9198.51,9247.33,9183.03,9242.84,11568.863,1593694799999,106690865.16459,33513,6047.064,55773956.55007,0
1593694800000,9242.84,9258.00,9227.00,9249.05,8230.256,1593698399999,76076043.46829,24344,3942.879,36449085.49181,0
1593698400000,9249.04,9256.40,9194.16,9200.00,9111.755,1593701999999,84049530.34503,27452,3724.074,34350449.81823,0
1593702000000,9199.99,9200.00,9011.00,9049.61,46357.298,1593705599999,421316648.16334,106424,19869.685,180522412.69558,0
1593705600000,9049.62,9074.60,8936.00,9047.29,37920.972,1593709199999,341903051.65341,92235,17619.112,158905411.70771,0
1593709200000,9047.29,9079.14,9017.00,9067.03,11683.503,1593712799999,105705945.02532,36088,5661.036,51227340.85867,0
1593712800000,9067.03,9080.39,9028.54,9066.39,7503.602,1593716399999,67974829.09053,25819,3377.883,30601076.20560,0
1593716400000,9066.38,9077.74,9030.00,9056.52,7550.710,1593719999999,68374455.70650,24867,3332.233,30175881.97616,0
1593720000000,9056.53,9086.65,9037.94,9077.17,6522.003,1593723599999,59124010.31839,21982,3113.594,28228943.04147,0
1593723600000,9077.54,9150.00,9069.00,9125.76,9827.787,1593727199999,89491539.94157,29150,5528.800,50358074.51038,0
1593727200000,9125.77,9140.00,9086.00,9100.27,7448.754,1593730799999,67895650.73931,23096,3442.425,31379509.12648,0
1593730800000,9100.28,9106.09,9079.38,9087.72,4141.292,1593734399999,37652610.77355,14309,2026.770,18427967.17322,0
1593734400000,9087.72,9104.93,9065.82,9096.09,4163.904,1593737999999,37834592.96632,14186,1774.929,16128557.36560,0
1593738000000,9096.09,9121.77,9085.27,9108.00,3976.154,1593741599999,36209686.03993,14071,1773.945,16154870.02931,0
1593741600000,9108.01,9120.00,9093.88,9095.38,2985.861,1593745199999,27187138.47369,16531,1186.948,10807781.39833,0
1593745200000,9095.38,9103.77,9085.18,9093.67,2642.378,1593748799999,24033266.83632,14144,1124.439,10227422.31472,0
1593748800000,9093.68,9098.00,9076.21,9094.83,2468.524,1593752399999,22438035.31667,11342,1106.710,10060150.94020,0
1593752400000,9094.82,9113.16,9084.91,9109.57,3632.247,1593755999999,33059189.08700,13627,1978.051,18004403.17895,0
1593756000000,9109.48,9114.00,9092.47,9094.65,2473.100,1593759599999,22510977.99731,10330,1222.551,11129005.32258,0
1593759600000,9094.31,9107.00,9086.66,9103.89,2975.196,1593763199999,27067112.12169,11265,1413.134,12856349.80076,0
1593763200000,9103.88,9124.52,9095.00,9102.09,5670.659,1593766799999,51664825.58922,18625,3319.736,30250056.98739,0
1593766800000,9102.09,9109.65,9036.06,9076.50,8902.544,1593770399999,80815466.31228,25388,3565.195,32371444.79819,0
1593770400000,9076.50,9086.08,9055.90,9077.79,5603.625,1593773999999,50820111.85899,19468,2817.504,25552347.41134,0
1593774000000,9077.80,9099.00,9068.00,9096.98,3767.533,1593777599999,34224329.85304,14212,2050.226,18625848.71823,0
1593777600000,9096.99,9113.17,9092.39,9107.44,6716.033,1593781199999,61139381.73389,18593,3187.599,29017939.03597,0
1593781200000,9107.44,9124.32,9089.00,9089.02,6355.485,1593784799999,57884094.64705,19669,3105.064,28283894.86908,0
1593784800000,9089.02,9100.00,9076.00,9087.28,4781.645,1593788399999,43457352.79140,15726,2286.657,20782635.60415,0
1593788400000,9087.27,9105.00,9087.27,9098.25,3253.458,1593791999999,29598229.14564,12401,1607.656,14625720.67772,0
1593792000000,9098.24,9113.00,9079.79,9088.26,5028.516,1593795599999,45745743.26857,14416,2551.631,23216594.30640,0
1593795600000,9088.18,9101.68,9082.22,9088.38,2096.685,1593799199999,19062196.56576,8114,1030.895,9372673.48316,0
1593799200000,9088.38,9092.27,9070.19,9079.23,3524.266,1593802799999,32005944.52027,10878,1584.069,14386389.78773,0
1593802800000,9079.23,9089.00,9068.35,9083.35,2986.998,1593806399999,27112797.74911,9983,1432.146,12999881.17853,0
1593806400000,9083.36,9095.00,9068.86,9087.74,2750.536,1593809999999,24977529.79037,8755,1226.712,11140430.05395,0
1593810000000,9087.74,9095.00,9081.00,9094.76,1644.482,1593813599999,14944814.88543,5831,744.514,6766480.39354,0
1593813600000,9094.77,9102.94,9081.19,9084.00,2163.007,1593817199999,19667120.93184,8033,1068.450,9715637.40878,0
1593817200000,9084.00,9084.01,9041.00,9057.52,6384.502,1593820799999,57871977.77538,19290,2705.677,24530180.14530,0
1593820800000,9058.07,9080.00,9045.37,9072.27,4616.196,1593824399999,41835193.20703,14267,2083.043,18880191.73066,0
1593824400000,9072.27,9078.75,9051.73,9071.55,2499.422,1593827999999,22657981.81823,8557,1268.246,11496934.11840,0
1593828000000,9071.55,9095.00,9066.71,9085.18,4241.572,1593831599999,38536393.08765,13690,2221.945,20187326.43949,0
1593831600000,9085.18,9097.70,9076.17,9083.88,2194.404,1593835199999,19939715.19525,7060,1123.952,10213562.11895,0
1593835200000,9083.87,9091.00,9077.24,9083.41,1347.216,1593838799999,12239386.13397,5108,567.014,5151550.46164,0
1593838800000,9083.41,9091.00,9077.40,9090.14,1895.181,1593842399999,17216773.70255,8514,1001.370,9097372.39105,0
1593842400000,9090.15,9091.00,9070.00,9077.88,2287.683,1593845999999,20770095.05939,7168,1047.464,9509958.23495,0
1593846000000,9077.89,9086.07,9070.55,9074.41,1675.944,1593849599999,15211796.33932,6526,819.733,7440139.05519,0
1593849600000,9074.41,9083.96,9072.10,9075.13,1826.807,1593853199999,16584585.47963,6671,861.344,7819780.24978,0
1593853200000,9075.13,9078.72,9068.60,9073.99,1700.780,1593856799999,15430842.68474,6614,875.310,7941701.48195,0
1593856800000,9073.99,9074.00,9058.02,9063.69,3025.906,1593860399999,27433363.00952,9402,1255.252,11380351.91377,0
1593860400000,9063.69,9076.99,9052.00,9058.67,3186.467,1593863999999,28878508.59563,11954,1644.368,14904234.20727,0
1593864000000,9058.67,9074.19,9042.84,9069.58,4331.790,1593867599999,39255121.74154,13332,2171.877,19685433.82151,0
1593867600000,9069.58,9085.00,9067.94,9078.00,3501.746,1593871199999,31778763.90054,9650,1803.573,16369489.78356,0
1593871200000,9078.00,9081.47,9067.89,9069.00,2321.577,1593874799999,21063376.59575,7787,951.410,8632377.24339,0
1593874800000,9069.00,9070.97,9051.00,9066.49,3848.530,1593878399999,34871812.35613,12725,1744.779,15809630.12622,0
1593878400000,9066.49,9074.80,9062.00,9073.41,2145.698,1593881999999,19460175.22807,7660,1084.475,9835638.37617,0
1593882000000,9073.41,9194.00,9068.02,9169.98,25430.412,1593885599999,232690623.31259,57063,14391.969,131656063.36685,0
1593885600000,9169.97,9191.65,9122.00,9140.46,11333.828,1593889199999,103775421.25327,30358,5447.701,49890315.62797,0
1593889200000,9140.46,9146.34,9108.94,9131.33,6294.524,1593892799999,57449570.05502,18715,2935.793,26797926.69135,0
1593892800000,9131.33,9147.00,9123.21,9132.56,2840.307,1593896399999,25939398.98512,10532,1539.476,14059728.97238,0
1593896400000,9132.56,9143.97,9122.00,9122.52,2892.577,1593899999999,26416662.69256,9571,1389.901,12692942.63656,0
1593900000000,9122.52,9135.17,9117.00,9132.93,2332.331,1593903599999,21283679.22169,8864,1373.436,12533779.27598,0
1593903600000,9132.58,9143.75,9115.00,9137.18,2444.540,1593907199999,22311599.65012,8614,1203.209,10983413.85048,0
1593907200000,9137.18,9146.35,9126.55,9134.51,2927.212,1593910799999,26745213.99958,9644,1376.667,12578726.26252,0
1593910800000,9134.52,9135.47,9122.00,9127.44,1340.995,1593914399999,12242511.14298,5928,571.628,5218664.52937,0
1593914400000,9127.44,9133.00,9117.82,9121.50,1845.874,1593917999999,16842119.27447,6563,859.143,7839091.68468,0
1593918000000,9121.50,9130.03,9116.50,9128.00,2109.875,1593921599999,19249142.54899,8161,1013.056,9242764.13638,0
1593921600000,9128.01,9131.42,9117.11,9127.06,1765.603,1593925199999,16107906.24296,7102,846.005,7718628.28480,0
1593925200000,9127.41,9128.10,9064.00,9080.75,8335.581,1593928799999,75802457.08409,21457,3018.904,27453421.20512,0
1593928800000,9079.06,9083.69,9054.40,9059.99,8379.134,1593932399999,76025747.11025,20734,4539.940,41194534.81213,0
1593932400000,9060.00,9070.46,9040.00,9062.52,7364.363,1593935999999,66695231.69603,19608,2972.500,26924112.56658,0
1593936000000,9062.51,9076.02,9052.25,9070.00,5320.644,1593939599999,48227495.54525,13836,2550.602,23122289.46685,0
1593939600000,9070.00,9072.00,8986.51,9021.07,11965.566,1593943199999,108004747.44366,29093,4006.727,36167449.84525,0
1593943200000,9021.08,9049.00,8999.00,9030.27,9748.342,1593946799999,88010413.01369,27561,4479.435,40445144.11525,0
1593946800000,9030.26,9046.52,9029.14,9035.32,2962.908,1593950399999,26784277.48016,9846,1359.328,12288835.31177,0
1593950400000,9035.33,9046.00,9011.10,9044.00,6852.805,1593953999999,61867102.30727,19187,2922.334,26389296.70626,0
1593954000000,9043.99,9044.00,9013.21,9014.90,4838.443,1593957599999,43665684.38023,14510,1795.923,16209066.46616,0
1593957600000,9014.89,9037.12,8998.01,9035.00,4951.510,1593961199999,44665825.99479,14530,2262.852,20418409.93939,0
1593961200000,9034.68,9069.00,9021.00,9028.98,7544.926,1593964799999,68261796.05064,22415,3748.542,33918623.97609,0
1593964800000,9028.98,9051.31,9022.00,9034.70,3376.846,1593968399999,30507347.47714,14597,1772.807,16016964.92538,0
1593968400000,9034.71,9045.46,9026.00,9030.71,1502.045,1593971999999,13572074.01444,8129,621.824,5619406.06503,0
1593972000000,9030.72,9044.74,9030.71,9040.78,1291.766,1593975599999,11675838.55782,6995,575.105,5198055.37803,0
1593975600000,9040.78,9053.89,9030.23,9031.31,1773.503,1593979199999,16035114.58015,9235,795.804,7195916.87119,0
1593979200000,9031.50,9036.03,9009.74,9013.44,2645.346,1593982799999,23875738.82718,10874,980.968,8856320.03886,0
1593982800000,9013.44,9060.00,8900.00,9031.03,22467.915,1593986399999,201766191.26672,67841,10222.090,91847201.93549,0
1593986400000,9031.03,9100.00,9022.01,9072.48,12724.790,1593989999999,115321708.99409,39632,7303.854,66198100.26376,0
1593990000000,9072.48,9093.00,9059.60,9071.86,5509.574,1593993599999,50002301.17048,17377,2666.028,24196923.90110,0
1593993600000,9071.87,9087.09,9058.10,9064.73,3451.226,1593997199999,31304586.42730,11920,1524.158,13825345.79335,0
1593997200000,9064.72,9087.00,9064.38,9086.35,2945.267,1594000799999,26741226.89676,10107,1440.023,13074931.60504,0
1594000800000,9086.36,9123.00,9084.52,9089.10,8392.105,1594004399999,76406148.41546,22279,3991.868,36350741.97728,0
1594004400000,9089.10,9095.00,9075.21,9087.30,2650.566,1594007999999,24080046.67048,8856,1148.453,10434441.14371,0
1594008000000,9087.31,9095.00,9080.14,9088.87,2266.272,1594011599999,20597726.45313,7326,1205.646,10958640.12237,0
1594011600000,9088.88,9112.00,9082.22,9112.00,5376.143,1594015199999,48914110.75209,13988,3308.033,30100427.64032,0
1594015200000,9112.00,9232.00,9107.00,9222.00,27643.042,1594018799999,253868799.37818,66178,16775.682,154060238.27503,0
1594018800000,9222.00,9238.23,9180.01,9199.71,8782.006,1594022399999,80812475.58658,27241,4778.513,43974579.52091,0
1594022400000,9199.72,9205.65,9180.00,9192.43,3836.325,1594025999999,35265402.90070,13352,2068.238,19013527.91143,0
1594026000000,9192.44,9204.23,9182.00,9201.38,3736.060,1594029599999,34337427.53846,13300,2056.260,18899513.33153,0
1594029600000,9201.26,9209.78,9171.00,9190.86,4833.648,1594033199999,44419568.04890,15751,2452.642,22543857.39274,0
1594033200000,9190.92,9230.00,9190.00,9221.24,5933.356,1594036799999,54631184.07395,18035,3755.604,34583140.26994,0
1594036800000,9221.24,9274.13,9200.00,9267.19,18175.147,1594040399999,167925294.29194,48223,10791.454,99730108.29352,0
1594040400000,9267.29,9275.08,9230.50,9249.84,11383.143,1594043999999,105305930.29518,31708,5862.712,54241010.43209,0
1594044000000,9249.84,9258.64,9225.24,9255.91,6351.465,1594047599999,58697853.88066,18430,3450.142,31889617.85960,0
1594047600000,9255.91,9320.00,9245.23,9302.99,18924.624,1594051199999,175734851.88267,45644,10710.360,99484643.29691,0
1594051200000,9302.99,9348.00,9288.88,9314.90,20285.001,1594054799999,189022951.47398,50444,11031.579,102809481.82098,0
1594054800000,9314.90,9322.86,9300.00,9307.29,5012.751,1594058399999,46672574.98825,13593,2822.404,26281866.76210,0
1594058400000,9307.29,9317.01,9281.76,9290.99,6375.340,1594061999999,59275001.89250,16238,3298.406,30670536.79277,0
1594062000000,9290.99,9297.27,9261.00,9287.38,7590.252,1594065599999,70426266.08291,19143,3812.502,35377494.00218,0
1594065600000,9287.83,9296.28,9255.10,9272.90,4390.503,1594069199999,40703960.30492,13652,2450.159,22717312.62298,0
1594069200000,9272.90,9297.00,9269.30,9272.45,2907.649,1594072799999,26986146.50369,10247,1807.341,16773786.23507,0
1594072800000,9272.45,9289.63,9262.24,9288.59,4089.489,1594076399999,37934039.98622,12528,2378.049,22059109.37621,0
1594076400000,9288.20,9379.00,9283.67,9339.60,14312.448,1594079999999,133640167.53628,35664,8511.289,79470024.67369,0
1594080000000,9339.59,9380.00,9325.00,9326.26,10536.192,1594083599999,98513657.59690,33894,6108.979,57126801.38118,0
1594083600000,9326.31,9330.22,9306.28,9308.00,5581.657,1594087199999,52004944.00077,17247,2977.145,27740121.29670,0
1594087200000,9308.00,9308.00,9256.10,9282.49,8452.954,1594090799999,78435630.85116,21836,3719.107,34508710.66412,0
1594090800000,9282.49,9314.00,9276.68,9292.92,4287.466,1594094399999,39863518.67638,13762,2633.761,24488615.86216,0
1594094400000,9292.62,9301.87,9278.71,9280.31,2906.653,1594097999999,27000392.50293,10854,1356.338,12599309.49451,0
1594098000000,9280.31,9294.20,9265.97,9285.55,3827.149,1594101599999,35510962.61247,13072,1848.740,17155808.43453,0
1594101600000,9285.55,9285.56,9239.40,9270.15,7386.039,1594105199999,68393142.43428,23662,3576.223,33120278.89991,0
1594105200000,9270.15,9270.15,9237.05,9260.99,4556.830,1594108799999,42166755.96538,14998,2358.760,21826761.23665,0
1594108800000,9260.99,9274.27,9245.02,9263.49,4920.476,1594112399999,45574588.12076,14632,2773.366,25686463.63702,0
1594112400000,9263.49,9265.00,9220.00,9227.91,7987.858,1594115999999,73814823.78912,28342,3366.605,31115410.16887,0
1594116000000,9227.69,9256.41,9220.10,9249.31,4773.246,1594119599999,44106214.21549,15296,2790.070,25782563.39059,0
1594119600000,9249.30,9273.00,9238.00,9271.11,4510.017,1594123199999,41751614.17834,14170,2795.651,25883301.54364,0
1594123200000,9271.12,9295.55,9256.52,9269.09,7754.584,1594126799999,71930816.70774,20736,4705.659,43653949.59996,0
1594126800000,9269.02,9274.33,9233.00,9262.01,6846.414,1594130399999,63333008.13655,19156,3391.046,31375377.49722,0
1594130400000,9262.01,9282.00,9245.00,9255.00,5799.424,1594133999999,53733449.22606,19380,3092.976,28659772.62204,0
1594134000000,9255.00,9276.11,9246.62,9274.99,3553.311,1594137599999,32913227.04142,12029,1942.083,17991141.52047,0
1594137600000,9274.99,9279.03,9255.00,9259.21,2999.353,1594141199999,27795793.59471,11212,1518.388,14072176.70275,0
1594141200000,9259.20,9283.91,9257.75,9281.44,2850.728,1594144799999,26431979.39172,10935,1678.756,15567305.03638,0
1594144800000,9281.44,9286.49,9259.22,9272.00,2984.761,1594148399999,27671391.43348,10716,1579.053,14639613.60672,0
1594148400000,9272.01,9272.83,9230.00,9239.78,6651.539,1594151999999,61506841.92715,19153,2784.096,25744737.16246,0
1594152000000,9239.79,9256.00,9201.23,9253.62,9993.263,1594155599999,92202778.47251,27828,5046.916,46576718.55364,0
1594155600000,9253.89,9262.52,9228.63,9243.71,2979.399,1594159199999,27544330.15916,12833,1586.363,14666567.95518,0
1594159200000,9243.71,9260.00,9231.00,9245.83,2587.880,1594162799999,23923841.12814,9298,1471.902,13607289.92336,0
1594162800000,9245.82,9269.14,9241.54,9258.51,3106.782,1594166399999,28752381.60399,10887,1844.051,17067729.92818,0
1594166400000,9258.51,9266.00,9233.47,9243.04,3750.279,1594169999999,34669693.69096,12185,1992.347,18417698.47521,0
1594170000000,9243.05,9278.16,9242.69,9274.21,3929.764,1594173599999,36403595.13999,14886,2385.672,22101140.81132,0
1594173600000,9274.22,9311.74,9272.46,9301.64,8768.454,1594177199999,81503294.76398,24768,5071.587,47142908.78125,0
1594177200000,9301.65,9320.00,9287.64,9310.00,6650.696,1594180799999,61887762.49543,20300,3942.401,36688551.62754,0
1594180800000,9310.00,9320.00,9252.00,9263.00,9391.364,1594184399999,87174082.40854,27677,4374.098,40606271.78140,0
1594184400000,9262.99,9280.46,9253.05,9270.24,3062.341,1594187999999,28381085.38981,11672,1841.766,17069884.42712,0
1594188000000,9270.24,9282.09,9260.04,9269.57,2263.739,1594191599999,20988754.25100,9878,1293.673,11995377.68508,0
1594191600000,9269.57,9290.07,9262.39,9282.85,3542.014,1594195199999,32874171.29636,12874,2053.613,19059844.64935,0
1594195200000,9282.86,9299.78,9264.53,9284.42,5768.712,1594198799999,53550975.98517,17384,3320.447,30826953.52030,0
1594198800000,9284.12,9291.00,9266.00,9281.17,3259.042,1594202399999,30234381.05951,11274,1711.651,15879484.05204,0
1594202400000,9281.00,9298.84,9277.19,9289.99,3500.097,1594205999999,32509527.16592,13511,1891.351,17568086.31632,0
1594206000000,9290.00,9309.96,9280.00,9308.00,5313.101,1594209599999,49392437.21726,16338,3216.037,29900651.85049,0
1594209600000,9308.00,9333.13,9283.00,9295.95,8537.973,1594213199999,79446926.18078,25953,4638.904,43176804.71122,0
1594213200000,9295.95,9467.56,9291.88,9433.00,31952.034,1594216799999,300053688.01144,71788,19700.140,184949993.63504,0
1594216800000,9433.00,9470.00,9407.41,9425.00,19853.340,1594220399999,187313303.69929,52499,10823.546,102128021.49955,0
1594220400000,9424.99,9437.92,9391.80,9410.92,11028.382,1594223999999,103868307.99010,29728,4952.852,46654105.14788,0
1594224000000,9410.91,9432.01,9381.64,9412.42,8845.278,1594227599999,83224261.83513,26300,4618.323,43460317.81850,0
1594227600000,9412.42,9427.76,9401.00,9421.82,3780.188,1594231199999,35592621.91999,13170,1915.764,18038648.42135,0
1594231200000,9421.82,9432.77,9406.14,9414.81,3254.888,1594234799999,30658674.49778,11114,1747.021,16457261.90390,0
1594234800000,9414.81,9445.00,9414.15,9431.52,3706.858,1594238399999,34965068.10668,14563,2211.352,20859054.91660,0
1594238400000,9431.53,9448.46,9413.80,9434.02,6197.037,1594241999999,58437247.17114,18577,3221.334,30380740.54588,0
1594242000000,9434.01,9437.00,9418.38,9430.58,1943.871,1594245599999,18325482.66625,9010,1155.777,10895952.02482,0
1594245600000,9430.58,9466.00,9424.31,9448.82,7020.257,1594249199999,66344592.55065,20832,4084.954,38608765.26725,0
1594249200000,9448.83,9450.18,9420.00,9436.08,4923.292,1594252799999,46444824.61652,16830,2552.603,24083058.68468,0
1594252800000,9436.08,9440.81,9392.00,9412.60,5951.679,1594256399999,56025416.48115,18274,2814.875,26500831.66783,0
1594256400000,9412.59,9412.60,9382.00,9385.46,4816.142,1594259999999,45250546.65708,16455,2164.668,20340736.96066,0
1594260000000,9385.47,9409.15,9360.00,9385.47,7750.524,1594263599999,72732420.25667,22058,3484.859,32707443.55990,0
1594263600000,9385.47,9393.00,9374.35,9386.60,2851.777,1594267199999,26764432.36788,11398,1155.557,10845314.04567,0
1594267200000,9386.17,9405.01,9378.60,9387.99,3654.064,1594270799999,34320091.70596,12131,1867.242,17538152.45531,0
1594270800000,9387.98,9406.17,9380.45,9382.89,3439.419,1594274399999,32304448.22202,12363,1556.819,14623907.74505,0
1594274400000,9382.89,9419.07,9380.00,9411.04,4171.531,1594277999999,39229047.23260,14082,2094.478,19695933.37950,0
1594278000000,9411.04,9412.46,9395.38,9404.08,3155.082,1594281599999,29668594.94316,10182,1264.800,11894061.35601,0
1594281600000,9404.08,9406.34,9393.00,9398.61,2551.806,1594285199999,23982723.07862,8865,1083.358,10182020.53712,0
1594285200000,9398.62,9399.57,9381.62,9384.34,3174.432,1594288799999,29807668.09541,11223,1303.085,12236359.42534,0
1594288800000,9384.33,9389.41,9352.01,9367.57,7148.660,1594292399999,66998521.02421,19533,2542.454,23830774.83718,0
1594292400000,9367.57,9404.50,9360.00,9403.25,5166.443,1594295999999,48498021.57877,18458,2737.892,25700465.66534,0
1594296000000,9403.26,9435.00,9393.48,9423.96,6437.638,1594299599999,60601787.23310,20449,3492.105,32874963.19617,0
1594299600000,9423.96,9427.99,9377.00,9396.34,7074.513,1594303199999,66485798.16693,22417,2746.177,25808157.60902,0
1594303200000,9396.33,9396.95,9267.00,9298.41,25222.683,1594306799999,235507889.82836,59156,9921.439,92640819.12325,0
1594306800000,9298.03,9298.11,9164.33,9211.00,51185.352,1594310399999,472054896.43478,112081,23603.647,217728640.59100,0
1594310400000,9210.99,9235.59,9190.32,9225.01,12358.639,1594313999999,113886948.69554,33829,5725.499,52767381.73938,0
1594314000000,9225.00,9244.21,9205.67,9213.08,7050.552,1594317599999,65036127.22847,20493,3030.795,27962279.01541,0
1594317600000,9213.08,9237.00,9203.00,9229.92,4791.085,1594321199999,44174167.30531,14983,2370.337,21856854.52718,0
1594321200000,9229.92,9234.00,9192.00,9220.97,6706.278,1594324799999,61780403.12503,19881,2706.430,24938021.94423,0
1594324800000,9220.96,9245.00,9210.39,9235.90,4188.101,1594328399999,38658524.84922,13156,2207.689,20380672.30098,0
1594328400000,9235.70,9255.25,9231.35,9249.17,4043.593,1594331999999,37383771.89857,13791,1973.104,18243678.41439,0
1594332000000,9249.16,9254.70,9219.86,9242.63,3465.891,1594335599999,32006196.68208,12630,1496.317,13816866.99841,0
1594335600000,9242.63,9244.00,9223.52,9236.28,1999.972,1594339199999,18463992.03961,8806,928.203,8569874.31893,0
1594339200000,9236.29,9239.00,9212.40,9218.00,3660.581,1594342799999,33768975.97452,12923,1479.440,13648461.83021,0
1594342800000,9218.00,9233.11,9215.78,9225.59,2083.367,1594346399999,19216031.00932,8394,783.614,7228818.78005,0
1594346400000,9225.58,9231.50,9194.06,9217.03,4003.974,1594349999999,36880051.46613,13146,1635.015,15061234.17242,0
1594350000000,9217.09,9232.00,9210.42,9225.03,2309.606,1594353599999,21298075.41334,9336,1117.139,10302889.10163,0
1594353600000,9225.04,9229.00,9121.42,9148.55,17919.524,1594357199999,164227369.51252,39855,7033.902,64457178.58237,0
1594357200000,9148.55,9164.80,9122.45,9149.41,11221.589,1594360799999,102650831.66318,27235,5794.027,53010485.07362,0
1594360800000,9149.41,9168.00,9141.54,9143.34,5281.004,1594364399999,48354580.77934,15187,2431.179,22263004.86113,0
1594364400000,9143.33,9164.80,9129.79,9153.71,5982.852,1594367999999,54734678.29964,17439,2800.361,25621210.35712,0
1594368000000,9153.85,9198.19,9152.00,9174.27,8973.022,1594371599999,82365274.25853,23057,4647.638,42662715.03822,0
1594371600000,9174.28,9185.99,9165.00,9183.06,3563.738,1594375199999,32697894.49252,13348,1728.945,15863332.65341,0
1594375200000,9183.07,9188.99,9163.20,9182.46,3199.441,1594378799999,29361020.02437,13208,1371.469,12586585.24497,0
1594378800000,9182.46,9204.00,9160.00,9162.25,5912.955,1594382399999,54296329.80262,18638,2654.567,24381492.74509,0
1594382400000,9162.24,9194.28,9160.00,9185.39,4958.304,1594385999999,45510612.24480,16377,2348.740,21560105.19936,0
1594386000000,9185.82,9202.00,9164.00,9183.00,7029.738,1594389599999,64552612.06382,19272,3534.858,32460767.44967,0
1594389600000,9183.00,9192.04,9164.43,9186.84,3894.453,1594393199999,35749171.68976,15375,1659.212,15232389.38847,0
1594393200000,9186.85,9249.55,9182.12,9245.55,13509.522,1594396799999,124642326.29362,31845,6911.456,63748451.93602,0
1594396800000,9245.43,9253.79,9214.20,9223.78,6463.285,1594400399999,59641830.03071,19219,3006.624,27746239.41133,0
1594400400000,9223.78,9228.97,9207.00,9222.91,3240.875,1594403999999,29871059.49348,13062,1350.061,12443102.81368,0
1594404000000,9222.92,9228.04,9210.00,9219.49,2211.571,1594407599999,20385164.37464,10080,881.471,8125278.67100,0
1594407600000,9219.94,9240.00,9219.21,9234.43,2405.759,1594411199999,22210380.83979,11497,1070.514,9882588.67188,0
1594411200000,9234.43,9250.87,9230.00,9232.33,3759.123,1594414799999,34742213.19115,12206,1778.474,16436934.22357,0
1594414800000,9232.33,9233.03,9209.00,9216.16,3007.602,1594418399999,27731756.58321,13214,1022.070,9424431.28224,0
1594418400000,9216.16,9242.50,9209.73,9226.67,3029.760,1594421999999,27969657.48980,10846,1411.094,13026681.45855,0
1594422000000,9226.68,9317.24,9224.36,9288.39,13228.229,1594425599999,122823732.89169,33414,8081.453,75038846.90574,0
1594425600000,9288.39,9301.74,9271.00,9277.94,4670.922,1594429199999,43370036.21162,14132,2517.809,23382744.15596,0
1594429200000,9277.86,9287.89,9266.10,9285.00,2285.798,1594432799999,21202909.45833,9613,816.160,7571160.95914,0
1594432800000,9285.00,9288.86,9270.00,9278.19,1749.034,1594436399999,16227228.24660,7418,778.716,7225173.18039,0
1594436400000,9278.18,9287.12,9258.00,9266.51,3387.717,1594439999999,31412779.99535,13921,1440.015,13354388.53597,0
1594440000000,9266.32,9278.00,9254.00,9259.62,2932.545,1594443599999,27165382.86557,11701,1237.699,11465763.25181,0
1594443600000,9259.62,9275.77,9258.20,9261.78,2211.144,1594447199999,20490415.76268,9211,954.287,8843669.89903,0
1594447200000,9261.78,9270.20,9256.92,9259.37,1639.220,1594450799999,15185315.42363,7287,815.523,7554894.01523,0
1594450800000,9259.38,9280.00,9258.25,9269.98,2433.487,1594454399999,22564190.84391,8699,1566.477,14525201.52251,0
1594454400000,9269.97,9271.70,9257.54,9260.58,2352.884,1594457999999,21796387.99293,7797,891.069,8254515.40328,0
1594458000000,9260.59,9260.59,9178.91,9206.25,16346.830,1594461599999,150546997.47451,39985,7101.016,65390292.85178,0
1594461600000,9206.24,9235.00,9200.00,9209.39,3549.026,1594465199999,32716282.92102,12597,1668.349,15380345.17647,0
1594465200000,9209.40,9221.45,9197.50,9199.39,2954.078,1594468799999,27198176.80610,12815,1252.027,11528506.49683,0
1594468800000,9199.38,9220.38,9195.00,9207.24,2627.907,1594472399999,24206599.95937,9814,1210.509,11150073.80581,0
1594472400000,9207.13,9228.06,9200.00,9221.58,3090.120,1594475999999,28473591.87222,10483,1552.979,14309702.13367,0
1594476000000,9221.59,9233.54,9206.00,9228.67,2910.046,1594479599999,26829152.92680,11005,1515.202,13970879.62758,0
1594479600000,9228.66,9230.69,9220.00,9223.92,1427.472,1594483199999,13168932.17464,7541,634.262,5851372.95919,0
1594483200000,9223.92,9250.00,9209.45,9216.18,5322.843,1594486799999,49122683.57282,16725,2587.499,23884130.61175,0
1594486800000,9216.18,9222.52,9203.79,9218.15,2291.010,1594490399999,21109638.72407,12128,1005.208,9262519.69436,0
1594490400000,9218.15,9227.34,9206.71,9223.05,1244.710,1594493999999,11473525.55904,6478,636.193,5864111.92438,0
1594494000000,9223.05,9223.40,9205.00,9205.32,1701.700,1594497599999,15674205.56779,7447,612.014,5637380.06293,0
1594497600000,9205.32,9216.50,9202.35,9216.47,1197.767,1594501199999,11031139.19589,6058,669.544,6166631.69163,0
1594501200000,9216.46,9220.00,9207.00,9217.30,1168.293,1594504799999,10764650.58990,5350,505.576,4658393.15286,0
1594504800000,9217.30,9233.00,9209.49,9217.41,2117.264,1594508399999,19525365.16640,8061,1203.610,11099864.47780,0
1594508400000,9217.40,9254.27,9214.96,9233.50,3364.704,1594511999999,31085252.82016,11775,1734.180,16021824.97889,0
1594512000000,9233.50,9268.25,9231.03,9248.90,4442.111,1594515599999,41096927.25732,13018,2396.173,22169002.42335,0
1594515600000,9248.90,9295.00,9244.00,9268.51,6126.820,1594519199999,56820101.73937,16646,3244.525,30090333.63005,0
1594519200000,9268.52,9280.00,9260.43,9269.76,2200.265,1594522799999,20396245.86597,9171,1062.399,9848290.41610,0
1594522800000,9269.77,9283.00,9266.28,9270.72,2505.763,1594526399999,23242651.16336,9324,1158.099,10742675.32256,0
1594526400000,9270.24,9283.00,9260.11,9267.99,2768.627,1594529999999,25676600.88506,7949,1132.360,10501902.42050,0
1594530000000,9268.00,9275.00,9255.25,9267.88,2072.161,1594533599999,19198954.57345,7829,869.975,8060919.12516,0
1594533600000,9267.88,9269.18,9252.00,9255.43,1901.099,1594537199999,17602223.31016,9731,754.010,6981520.22800,0
1594537200000,9255.44,9264.75,9242.00,9256.21,2229.684,1594540799999,20632609.66885,8570,1115.795,10325427.93682,0
1594540800000,9256.21,9274.65,9251.30,9255.35,2837.042,1594544399999,26278783.84823,9516,1506.226,13954094.42583,0
1594544400000,9255.35,9265.00,9243.01,9261.66,3177.476,1594547999999,29403707.24260,9828,1410.127,13050552.13542,0
1594548000000,9261.79,9270.00,9255.00,9259.13,1982.689,1594551599999,18366783.70533,7256,877.172,8125981.98824,0
1594551600000,9259.13,9263.17,9244.62,9246.53,2808.167,1594555199999,25983069.43408,9768,1198.194,11086596.12099,0
1594555200000,9246.53,9274.28,9244.80,9268.74,3731.600,1594558799999,34559981.58234,12066,2064.738,19122661.45541,0
1594558800000,9268.75,9349.00,9180.17,9215.34,34345.268,1594562399999,317687561.15319,77797,16912.519,156499394.34918,0
1594562400000,9215.34,9226.00,9201.65,9215.49,6499.967,1594565999999,59893438.23278,18977,3283.836,30260927.23942,0
1594566000000,9215.49,9224.78,9207.21,9214.35,2998.241,1594569599999,27626052.95787,13524,1385.801,12770537.32320,0
1594569600000,9214.35,9221.27,9203.00,9214.27,3875.824,1594573199999,35709001.37988,13429,1536.671,14160603.16107,0
1594573200000,9214.26,9217.90,9206.79,9215.93,1657.902,1594576799999,15271790.35291,7759,668.482,6157938.57750,0
1594576800000,9215.93,9220.00,9206.12,9216.38,1419.575,1594580399999,13080242.07831,6144,639.668,5894645.27466,0
1594580400000,9216.73,9238.39,9155.00,9220.34,12568.343,1594583999999,115555333.96042,31824,5870.551,53982256.96113,0
1594584000000,9220.34,9233.21,9214.75,9229.20,2578.973,1594587599999,23792350.92161,8960,1196.485,11038742.13922,0
1594587600000,9229.54,9274.00,9220.53,9261.09,5540.160,1594591199999,51264171.33838,16298,3208.606,29690149.65276,0
1594591200000,9261.25,9332.00,9261.25,9299.29,13697.404,1594594799999,127350259.12246,31900,7648.797,71113896.08898,0
1594594800000,9299.30,9304.47,9273.40,9300.69,3876.721,1594598399999,36002734.79652,12585,1812.846,16837017.54979,0
1594598400000,9300.70,9320.00,9264.00,9275.50,6350.517,1594601999999,59007145.62852,21528,3074.829,28577495.13233,0
1594602000000,9275.86,9308.61,9272.31,9284.52,3970.132,1594605599999,36882724.39588,13781,1888.761,17548106.68773,0
1594605600000,9284.52,9291.36,9275.82,9283.84,1773.205,1594609199999,16458512.78652,7773,678.272,6296261.79577,0
1594609200000,9283.84,9288.99,9270.25,9272.87,1494.341,1594612799999,13864362.48012,6976,579.904,5380852.49566,0
1594612800000,9272.88,9284.01,9265.28,9270.00,2145.724,1594616399999,19898792.93946,7879,945.412,8768211.07239,0
1594616400000,9270.01,9288.82,9270.00,9285.04,2323.026,1594619999999,21559618.06166,8245,1278.560,11866394.06453,0
1594620000000,9285.05,9291.91,9237.32,9258.09,6647.925,1594623599999,61584927.60073,17481,2725.621,25252271.81312,0
1594623600000,9258.08,9281.00,9255.84,9269.95,4417.039,1594627199999,40938426.04118,12730,2246.098,20819002.76245,0
1594627200000,9269.96,9288.88,9265.00,9281.71,4858.440,1594630799999,45076546.34210,13415,2444.339,22680282.07293,0
1594630800000,9281.72,9290.00,9275.00,9285.39,3114.370,1594634399999,28910416.09170,11084,1526.146,14168468.12484,0
1594634400000,9285.40,9307.58,9267.41,9288.97,5405.278,1594637999999,50194514.22382,16581,2653.869,24650243.24347,0
1594638000000,9288.97,9319.83,9286.77,9308.92,6946.812,1594641599999,64623279.53253,20234,3453.335,32127677.80701,0
1594641600000,9308.93,9345.00,9276.60,9316.57,13428.648,1594645199999,125005370.46218,34586,7041.638,65567620.59561,0
1594645200000,9316.57,9334.95,9293.05,9317.89,7085.784,1594648799999,65985133.69767,21527,3131.728,29169056.89258,0
1594648800000,9316.19,9330.00,9301.31,9304.90,5455.222,1594652399999,50832313.44156,17802,2471.462,23031265.59842,0
1594652400000,9304.90,9320.99,9282.12,9290.28,6369.916,1594655999999,59227778.99861,20257,2907.616,27034789.79250,0
1594656000000,9290.29,9303.97,9287.14,9301.97,2910.811,1594659599999,27062591.40537,12391,1468.615,13655203.68870,0
1594659600000,9301.98,9320.00,9301.97,9313.00,3219.440,1594663199999,29981109.03903,11279,1790.664,16675875.78933,0
1594663200000,9312.99,9313.00,9268.15,9290.71,7319.472,1594666799999,67967395.14897,20877,3053.540,28355854.51844,0
1594666800000,9290.72,9290.72,9200.00,9233.45,22583.900,1594670399999,208469275.84328,50862,8720.766,80480374.55923,0
1594670400000,9233.39,9273.98,9213.57,9250.47,8360.714,1594673999999,77281476.89701,22528,4196.280,38805149.70465,0
1594674000000,9250.47,9263.55,9238.00,9251.54,3400.206,1594677599999,31455591.98088,13504,1824.603,16879480.43394,0
1594677600000,9251.54,9251.54,9220.00,9242.00,4112.757,1594681199999,37987716.18661,14104,1920.693,17742838.02763,0
1594681200000,9242.00,9250.78,9226.12,9241.20,2423.980,1594684799999,22397014.78826,10360,1165.300,10767410.07444,0
1594684800000,9241.18,9244.00,9223.00,9224.66,3604.266,1594688399999,33271075.15817,12976,1543.143,14245080.27695,0
1594688400000,9224.66,9245.47,9211.01,9238.11,3209.861,1594691999999,29629685.42059,10983,1436.708,13264831.82968,0
1594692000000,9238.41,9245.35,9221.00,9226.82,2179.335,1594695599999,20120562.25681,8002,843.639,7789684.82747,0
1594695600000,9226.84,9235.30,9218.00,9218.63,2384.862,1594699199999,22001836.78066,7899,1047.726,9666951.39082,0
1594699200000,9218.64,9218.98,9152.00,9190.19,17634.584,1594702799999,161938990.73369,42435,7808.186,71701895.48491,0
1594702800000,9190.19,9195.00,9176.25,9190.69,3644.285,1594706399999,33477942.63988,12252,1950.605,17920570.01222,0
1594706400000,9190.68,9204.77,9184.00,9189.17,3432.666,1594709999999,31570821.26542,11048,1745.706,16057257.18616,0
1594710000000,9189.17,9195.12,9178.56,9180.56,2991.272,1594713599999,27476207.17376,10265,1273.975,11701953.75076,0
1594713600000,9180.56,9210.86,9178.56,9194.84,4265.525,1594717199999,39226887.40873,12452,2320.760,21343691.08437,0
1594717200000,9194.84,9204.37,9189.55,9197.97,2202.953,1594720799999,20262269.49289,9822,1077.997,9915628.21040,0
1594720800000,9197.98,9199.67,9172.11,9185.61,5015.699,1594724399999,46055742.56644,15547,2079.148,19091658.54392,0
1594724400000,9185.60,9239.00,9116.00,9234.51,22997.122,1594727999999,211263710.88554,52207,10526.875,96766219.24392,0
1594728000000,9234.39,9244.44,9208.00,9208.46,5782.879,1594731599999,53340706.38519,18158,2537.668,23409720.65713,0
1594731600000,9208.45,9228.00,9188.87,9204.54,6918.781,1594735199999,63709947.66783,20259,3398.709,31299804.26779,0
1594735200000,9204.55,9221.69,9185.00,9212.22,5771.538,1594738799999,53117820.41989,18193,2872.433,26440613.82723,0
1594738800000,9212.23,9237.95,9207.14,9220.79,4438.570,1594742399999,40946530.19710,14113,2193.842,20238965.37201,0
1594742400000,9220.78,9237.00,9211.00,9227.11,4065.406,1594745999999,37505355.65448,13437,1898.949,17518864.48575,0
1594746000000,9227.11,9279.00,9220.62,9248.75,9941.602,1594749599999,91939856.02792,24312,5980.597,55321704.36512,0
1594749600000,9248.75,9257.75,9240.00,9248.91,3805.836,1594753199999,35205037.60190,13139,2196.992,20323828.87160,0
1594753200000,9248.90,9269.58,9240.30,9267.52,3104.186,1594756799999,28728000.62385,11022,1449.715,13418884.82487,0
1594756800000,9267.52,9274.84,9257.49,9267.23,3151.420,1594760399999,29200137.87295,11725,1634.255,15142618.23585,0
1594760400000,9267.24,9273.31,9235.67,9240.03,4577.795,1594763999999,42338478.08530,14663,1908.927,17652850.73715,0
1594764000000,9240.03,9264.18,9239.80,9251.01,2917.139,1594767599999,26996241.05706,9649,1347.424,12470209.19698,0
1594767600000,9251.02,9264.10,9247.54,9254.17,1666.696,1594771199999,15427634.15876,6563,924.852,8560497.10640,0
1594771200000,9254.17,9272.56,9253.08,9258.07,2459.018,1594774799999,22776066.72760,9006,1343.142,12441003.14133,0
1594774800000,9258.06,9261.10,9237.61,9249.69,2236.730,1594778399999,20686248.64187,7870,949.545,8781883.18634,0
1594778400000,9248.97,9250.00,9237.00,9239.99,1466.978,1594781999999,13557982.23030,5961,744.886,6884383.31927,0
1594782000000,9240.00,9250.00,9230.01,9234.51,1830.349,1594785599999,16912084.28575,8656,659.351,6093316.59470,0
1594785600000,9234.50,9243.60,9220.00,9243.00,3242.624,1594789199999,29938761.37572,10275,1527.062,14101158.48487,0
1594789200000,9243.00,9246.56,9234.34,9241.88,2195.611,1594792799999,20289537.95820,7433,1062.220,9816526.28427,0
1594792800000,9241.89,9244.00,9227.00,9231.82,1887.516,1594796399999,17427466.62407,5915,741.447,6846388.34120,0
1594796400000,9231.82,9232.00,9216.01,9227.83,3363.424,1594799999999,31023365.59404,10997,1502.961,13863985.22487,0
1594800000000,9227.83,9229.36,9200.00,9218.68,5074.229,1594803599999,46752354.53540,14228,2042.945,18824318.15930,0
1594803600000,9218.67,9227.00,9190.00,9224.25,6214.850,1594807199999,57220673.04221,17250,3432.440,31606246.71873,0
1594807200000,9224.25,9248.00,9218.34,9243.83,6606.036,1594810799999,61025220.81507,16312,3273.128,30235836.24340,0
1594810800000,9243.84,9248.00,9215.35,9221.55,5532.237,1594814399999,51089837.92889,15023,2359.194,21784979.19725,0
1594814400000,9221.54,9247.00,9214.82,9244.96,3788.642,1594817999999,34980908.50899,12978,2258.757,20857053.96142,0
1594818000000,9244.95,9245.17,9221.44,9228.58,3609.508,1594821599999,33325402.08823,12068,1566.001,14458915.46383,0
1594821600000,9228.58,9242.00,9222.06,9239.98,1973.178,1594825199999,18218233.42490,8142,1005.636,9285058.79532,0
1594825200000,9239.98,9245.00,9196.00,9204.21,9610.339,1594828799999,88566562.36127,25957,4007.377,36940534.20934,0
1594828800000,9204.20,9217.01,9185.01,9210.79,8464.808,1594832399999,77897720.91181,22651,3669.154,33773746.37293,0
1594832400000,9210.36,9220.91,9202.65,9206.17,3346.502,1594835999999,30835767.21450,11106,1377.956,12697923.38184,0
1594836000000,9206.21,9217.83,9156.00,9185.64,10653.565,1594839599999,97870810.51193,23289,4341.896,39894704.12005,0
1594839600000,9185.64,9196.60,9164.31,9183.07,6103.855,1594843199999,56056129.73847,17604,2518.430,23130069.60232,0
1594843200000,9183.07,9219.36,9178.00,9216.51,5446.331,1594846799999,50137019.69053,14989,2737.135,25198545.18993,0
1594846800000,9216.51,9234.00,9204.58,9228.84,3455.743,1594850399999,31866128.59736,11563,1808.530,16679118.40441,0
1594850400000,9229.00,9231.55,9208.00,9208.22,2269.606,1594853999999,20921232.69485,8020,1076.466,9922009.27884,0
1594854000000,9208.22,9212.49,9188.87,9197.30,3276.029,1594857599999,30140508.71363,10386,1541.469,14182140.52036,0
1594857600000,9197.75,9218.15,9180.00,9212.56,4080.287,1594861199999,37528919.95799,13268,1769.999,16282424.34038,0
1594861200000,9212.56,9219.65,9206.63,9218.03,1878.301,1594864799999,17306325.70593,7158,779.766,7185152.37246,0
1594864800000,9218.04,9223.00,9200.00,9201.11,2079.961,1594868399999,19153766.37845,7529,1067.532,9831374.05887,0
1594868400000,9201.10,9206.47,9192.04,9202.49,1487.803,1594871999999,13685209.67139,6181,785.053,7221738.38397,0
1594872000000,9202.50,9215.00,9200.28,9203.44,2155.735,1594875599999,19851685.51916,6961,1198.939,11041056.21468,0
1594875600000,9203.41,9208.84,9190.00,9197.87,3839.336,1594879199999,35313290.97487,9753,2025.090,18627207.59992,0
1594879200000,9197.87,9204.10,9155.23,9176.81,7271.131,1594882799999,66729743.95162,18847,3227.650,29623717.83684,0
1594882800000,9176.96,9179.07,9080.00,9124.21,25280.282,1594886399999,230839422.18272,57282,10619.022,96977815.70124,0
1594886400000,9124.20,9140.98,9104.50,9125.01,8113.509,1594889999999,74026958.62655,23618,3730.468,34039747.14198,0
1594890000000,9125.00,9125.01,9050.00,9072.75,19363.324,1594893599999,175887354.19442,46382,8065.143,73267084.50181,0
1594893600000,9072.72,9103.00,9044.02,9101.84,12273.916,1594897199999,111361035.95898,31422,6364.819,57766786.75541,0
1594897200000,9101.85,9110.00,9082.50,9083.64,5554.574,1594900799999,50534668.70509,17762,2140.227,19474313.75148,0
1594900800000,9083.65,9106.00,9080.55,9081.37,4907.239,1594904399999,44613597.23168,14199,1970.311,17914304.65549,0
1594904400000,9081.37,9099.99,9070.00,9084.25,6064.370,1594907999999,55087962.06692,14855,2810.231,25530795.38067,0
1594908000000,9084.25,9119.99,9070.27,9110.56,8051.901,1594911599999,73249044.86170,19663,4217.081,38370375.45588,0
1594911600000,9110.91,9130.87,9101.00,9123.00,5648.992,1594915199999,51494563.93932,16332,2872.391,26187201.31253,0
1594915200000,9123.00,9141.50,9111.00,9115.48,6674.985,1594918799999,60924622.72053,17272,3272.480,29872643.71622,0
1594918800000,9115.47,9133.33,9115.10,9124.32,2934.029,1594922399999,26777824.17421,9636,1422.744,12984037.19776,0
1594922400000,9124.31,9150.00,9120.61,9125.37,5444.272,1594925999999,49753089.95918,15399,2841.168,25967454.80738,0
1594926000000,9125.38,9132.15,9120.00,9126.00,2327.917,1594929599999,21243966.79873,8603,1032.098,9419440.23044,0
1594929600000,9126.01,9133.83,9091.25,9110.46,5487.799,1594933199999,49985811.99886,14892,2374.944,21633828.05441,0
1594933200000,9110.46,9137.00,9110.46,9125.23,2384.800,1594936799999,21750818.51686,8795,1114.282,10163765.80543,0
1594936800000,9125.22,9141.47,9124.89,9134.13,2312.020,1594940399999,21117393.43229,8323,1061.069,9691890.27463,0
1594940400000,9134.13,9143.50,9125.73,9132.00,2472.967,1594943999999,22592093.74602,8167,1096.459,10017119.79261,0
1594944000000,9132.00,9138.89,9115.87,9116.88,2146.623,1594947599999,19590308.13406,7553,840.836,7674087.37437,0
1594947600000,9116.96,9136.97,9115.86,9118.23,1911.518,1594951199999,17442513.19023,6753,1041.494,9503331.34675,0
1594951200000,9118.23,9133.00,9116.02,9123.00,1284.354,1594954799999,11718670.05810,6125,594.583,5425101.08980,0
1594954800000,9122.99,9124.57,9105.00,9117.85,1955.030,1594958399999,17819176.19757,6103,862.301,7859534.92003,0
1594958400000,9117.85,9126.00,9104.01,9114.00,1963.823,1594961999999,17899911.77409,7067,724.689,6605801.15083,0
1594962000000,9114.01,9118.40,9087.00,9100.88,3845.440,1594965599999,34998813.80849,11350,1536.388,13984175.81232,0
1594965600000,9100.89,9132.98,9100.89,9120.83,3912.739,1594969199999,35691868.88377,11197,2001.034,18250238.59721,0
1594969200000,9120.83,9133.73,9108.50,9110.00,2721.143,1594972799999,24820162.75907,11307,1285.584,11727987.04557,0
1594972800000,9110.00,9119.05,9096.90,9111.99,3638.978,1594976399999,33143598.51261,10923,1493.012,13600181.11812,0
1594976400000,9111.99,9126.40,9100.77,9122.07,3612.423,1594979999999,32926185.48439,9678,1693.532,15437549.22152,0
1594980000000,9122.07,9128.56,9112.00,9116.55,2504.736,1594983599999,22845349.06274,8498,1196.834,10917310.69068,0
1594983600000,9116.55,9143.30,9103.89,9139.12,5697.498,1594987199999,51985464.10267,14360,3065.350,27966286.20082,0
1594987200000,9139.12,9187.00,9138.99,9162.06,16052.757,1594990799999,147134688.83175,34770,9015.942,82639497.01151,0
1594990800000,9162.07,9173.83,9147.00,9160.81,4224.192,1594994399999,38690125.31743,11976,1906.297,17461421.32686,0
1594994400000,9160.40,9161.98,9140.00,9151.16,3727.734,1594997999999,34103100.71477,11602,1463.205,13386727.29875,0
1594998000000,9151.16,9161.75,9141.00,9146.19,3721.531,1595001599999,34053398.82745,11311,1733.167,15857578.24322,0
1595001600000,9146.19,9159.80,9142.72,9149.90,2429.740,1595005199999,22235594.35698,9729,1203.699,11015969.70943,0
1595005200000,9149.91,9153.00,9128.33,9148.33,4850.558,1595008799999,44337839.39718,11704,2223.547,20324682.72700,0
1595008800000,9148.34,9166.75,9147.30,9158.62,2575.280,1595012399999,23585835.09761,9209,1410.043,12913954.98211,0
1595012400000,9158.62,9165.00,9150.84,9162.01,1407.403,1595015999999,12888002.36076,6188,707.527,6479266.74429,0
1595016000000,9162.01,9175.03,9150.00,9152.94,2777.677,1595019599999,25453443.46752,9662,1382.192,12667429.57728,0
1595019600000,9152.93,9160.47,9142.77,9148.60,1587.296,1595023199999,14524804.48489,6855,621.161,5684247.20126,0
1595023200000,9148.60,9160.00,9142.00,9158.79,1113.589,1595026799999,10191274.56857,5431,542.184,4962130.90736,0
1595026800000,9158.79,9165.00,9151.04,9151.69,1278.522,1595030399999,11709639.94159,4818,519.257,4755849.99620,0
1595030400000,9151.70,9163.88,9145.80,9149.66,2718.176,1595033999999,24884465.35386,9607,1216.680,11138505.21457,0
1595034000000,9149.66,9153.98,9137.54,9139.58,1685.067,1595037599999,15413628.68434,6893,587.155,5371229.30940,0
1595037600000,9139.58,9145.44,9121.98,9138.48,4431.807,1595041199999,40475634.83549,13860,2041.798,18648598.65889,0
1595041200000,9138.48,9138.48,9122.21,9131.08,1781.188,1595044799999,16264835.21180,6805,903.398,8248975.31816,0
1595044800000,9131.70,9140.00,9126.00,9137.50,1715.776,1595048399999,15672959.04605,6408,821.837,7507813.64401,0
1595048400000,9137.51,9139.87,9128.00,9133.49,1326.684,1595051999999,12116245.93148,4451,585.561,5347867.50051,0
1595052000000,9133.48,9138.68,9131.00,9132.35,786.716,1595055599999,7186466.27460,3618,422.897,3863099.32474,0
1595055600000,9132.34,9137.77,9131.00,9132.24,1112.790,1595059199999,10164807.20415,4057,687.386,6279009.86943,0
1595059200000,9132.23,9160.00,9125.05,9154.57,3677.524,1595062799999,33607664.32387,10702,2415.307,22077425.00793,0
1595062800000,9154.58,9210.00,9154.57,9167.65,13119.498,1595066399999,120462806.04308,32788,6992.762,64205787.42335,0
1595066400000,9167.00,9180.34,9166.54,9167.69,2215.065,1595069999999,20318880.05307,7915,1222.466,11214307.74296,0
1595070000000,9167.69,9175.83,9162.00,9163.40,2397.372,1595073599999,21983751.10253,7687,1283.790,11772937.37837,0
1595073600000,9163.39,9176.52,9163.22,9169.01,1929.380,1595077199999,17692752.99325,6252,1069.986,9812027.05160,0
1595077200000,9169.01,9176.00,9162.00,9168.00,1959.040,1595080799999,17960521.75996,7414,996.878,9139857.04104,0
1595080800000,9168.00,9169.37,9155.08,9165.99,1832.575,1595084399999,16786538.68176,6187,915.773,8389120.91209,0
1595084400000,9165.99,9173.00,9165.02,9171.25,1460.221,1595087999999,13388561.03287,5889,844.598,7744486.94785,0
1595088000000,9171.25,9175.26,9161.00,9165.35,1571.315,1595091599999,14404928.73022,6225,853.331,7823237.08879,0
1595091600000,9165.33,9174.50,9165.33,9172.07,1248.575,1595095199999,11449647.75363,5065,809.129,7419882.35801,0
1595095200000,9172.07,9199.48,9169.91,9184.41,5543.086,1595098799999,50929638.90096,15040,2991.922,27489183.00329,0
1595098800000,9184.30,9205.02,9151.20,9164.31,5647.462,1595102399999,51838514.56915,16313,2496.780,22922430.90602,0
1595102400000,9164.18,9180.54,9160.25,9173.76,2016.186,1595105999999,18492639.42035,9771,1125.756,10325081.13135,0
1595106000000,9173.76,9175.00,9165.00,9172.88,981.186,1595109599999,8997170.87156,4722,504.416,4625500.84076,0
1595109600000,9172.88,9177.98,9164.54,9168.81,1055.325,1595113199999,9678692.61635,4297,491.527,4507910.72981,0
1595113200000,9168.81,9177.00,9167.00,9171.80,1021.582,1595116799999,9370249.99858,4388,513.707,4712105.10662,0
1595116800000,9171.79,9182.45,9171.01,9178.30,1281.122,1595120399999,11757938.19323,5020,649.733,5963211.79839,0
1595120400000,9178.30,9178.31,9161.30,9163.46,1409.034,1595123999999,12919872.73016,5361,460.306,4220787.68128,0
1595124000000,9163.47,9171.39,9158.00,9160.33,1416.426,1595127599999,12979371.84786,5340,626.365,5739631.08693,0
1595127600000,9160.33,9162.12,9145.35,9156.57,3617.609,1595131199999,33114792.97366,10576,1760.887,16119825.47674,0
1595131200000,9156.50,9162.37,9150.00,9154.65,1793.874,1595134799999,16425990.95513,5821,848.054,7765703.42393,0
1595134800000,9154.48,9160.03,9146.00,9148.09,2383.757,1595138399999,21816399.49366,7272,1416.246,12961720.12140,0
1595138400000,9148.08,9159.00,9142.63,9158.91,1617.356,1595141999999,14801372.63137,6196,749.129,6856509.74801,0
1595142000000,9158.91,9159.00,9154.56,9157.03,956.474,1595145599999,8758543.07738,5824,464.834,4256724.05079,0
1595145600000,9157.02,9161.00,9147.71,9161.00,1568.568,1595149199999,14357937.95771,5623,962.854,8814138.33089,0
1595149200000,9160.99,9161.00,9147.54,9158.24,1448.501,1595152799999,13259858.37701,4837,749.065,6857585.37277,0
1595152800000,9158.23,9159.06,9108.00,9128.00,10289.623,1595156399999,93882129.21968,25959,4382.149,39979221.76164,0
1595156400000,9127.99,9138.00,9117.00,9126.96,3213.277,1595159999999,29331797.42241,11156,1479.782,13508491.34274,0
1595160000000,9126.95,9140.00,9115.00,9135.23,3172.842,1595163599999,28959650.22677,11016,1420.441,12965659.14366,0
1595163600000,9135.23,9139.00,9124.00,9130.33,2123.761,1595167199999,19393471.84916,8525,876.035,8000169.00022,0
1595167200000,9130.30,9138.09,9125.35,9134.32,1298.339,1595170799999,11856227.38400,6010,668.784,6108002.65936,0
1595170800000,9134.33,9138.00,9123.85,9124.50,1598.097,1595174399999,14591651.93911,6815,549.475,5017518.72494,0
1595174400000,9124.50,9175.63,9120.68,9150.13,7039.194,1595177999999,64406823.01612,20465,3526.749,32273223.18161,0
1595178000000,9150.33,9159.66,9140.50,9154.17,2315.188,1595181599999,21189440.67663,7960,1169.718,10705632.12837,0
1595181600000,9154.27,9163.50,9149.27,9158.10,1227.125,1595185199999,11236024.66728,4980,598.706,5482338.07241,0
1595185200000,9158.79,9168.00,9150.01,9167.09,1947.161,1595188799999,17836673.18206,7707,949.986,8702533.17380,0
1595188800000,9167.09,9172.00,9157.95,9167.90,2082.098,1595192399999,19086561.35261,7523,994.710,9118685.36644,0
1595192400000,9167.91,9178.82,9162.05,9170.61,2594.469,1595195999999,23798004.82293,10236,1386.810,12720805.91351,0
1595196000000,9170.94,9203.24,9162.50,9187.00,7867.016,1595199599999,72288821.31881,20641,4978.839,45754329.87516,0
1595199600000,9186.95,9239.59,9186.95,9210.51,11293.668,1595203199999,104094740.11421,32138,6881.681,63433954.69477,0
1595203200000,9210.68,9221.00,9182.50,9191.40,4989.621,1595206799999,45919063.51246,15942,2219.683,20433001.91429,0
1595206800000,9191.54,9195.59,9182.00,9182.00,3146.256,1595210399999,28904750.84462,10362,1048.405,9633558.38167,0
1595210400000,9182.00,9197.39,9178.08,9191.46,2350.695,1595213999999,21599869.10350,8090,1386.215,12738611.35874,0
1595214000000,9191.77,9196.58,9183.71,9194.48,1871.456,1595217599999,17201062.90749,5636,664.075,6104395.09918,0
1595217600000,9194.49,9194.77,9177.17,9181.17,1892.994,1595221199999,17387573.48851,6338,482.424,4431185.60626,0
1595221200000,9181.17,9194.98,9180.78,9193.49,1213.089,1595224799999,11145868.84976,4566,850.889,7818423.42164,0
1595224800000,9193.49,9193.99,9180.00,9181.56,1284.778,1595228399999,11802363.58850,4700,461.399,4238679.32008,0
1595228400000,9181.57,9184.00,9170.00,9183.24,2685.342,1595231999999,24644631.89080,8984,1111.079,10198348.10429,0
1595232000000,9183.24,9190.92,9179.91,9189.39,1785.023,1595235599999,16397928.88980,6315,848.795,7797485.69019,0
1595235600000,9189.40,9193.98,9182.89,9185.00,1638.503,1595239199999,15056502.40284,5761,796.334,7318060.91809,0
1595239200000,9185.00,9189.16,9131.01,9157.26,11239.190,1595242799999,102941561.32053,24154,4791.731,43881818.64825,0
1595242800000,9157.26,9165.80,9145.00,9150.39,3293.666,1595246399999,30161211.98206,12380,1467.776,13441742.05618,0
1595246400000,9150.38,9164.00,9143.00,9161.69,2904.439,1595249999999,26592601.41821,11463,1428.690,13082430.18818,0
1595250000000,9161.69,9163.51,9146.00,9151.54,2132.866,1595253599999,19527631.05318,10906,908.596,8318772.62059,0
1595253600000,9151.55,9176.56,9150.00,9168.99,3900.025,1595257199999,35752598.21886,13389,2124.628,19477499.35718,0
1595257200000,9168.98,9178.24,9164.38,9172.47,1750.129,1595260799999,16050893.14549,8315,791.972,7263632.13470,0
1595260800000,9172.48,9176.00,9161.95,9176.00,1497.935,1595264399999,13733681.68609,7767,748.742,6865109.67112,0
1595264400000,9175.99,9203.83,9175.20,9191.98,5119.922,1595267999999,47058375.74349,14646,2805.303,25784223.20069,0
1595268000000,9191.98,9199.93,9176.00,9180.23,2751.491,1595271599999,25274443.47060,9496,1072.990,9856447.12970,0
1595271600000,9180.24,9184.40,9148.13,9160.40,5342.414,1595275199999,48948184.26453,18477,2295.620,21030154.84091,0
1595275200000,9160.39,9186.49,9155.00,9171.70,3733.031,1595278799999,34243190.91273,12799,1838.254,16862889.40726,0
1595278800000,9171.71,9172.95,9145.00,9169.01,2773.003,1595282399999,25403092.79456,10155,1194.248,10940833.40736,0
1595282400000,9169.00,9174.70,9154.64,9164.56,1695.405,1595285999999,15538420.22150,7954,751.114,6883864.61636,0
1595286000000,9164.56,9174.74,9157.07,9161.13,1438.418,1595289599999,13184149.09315,7062,607.972,5572112.77729,0
1595289600000,9161.28,9171.99,9152.62,9169.01,1685.378,1595293199999,15447862.55165,7430,681.559,6247742.28989,0
1595293200000,9169.02,9194.50,9169.01,9178.49,3741.690,1595296799999,34361494.68348,12235,2013.801,18491469.07775,0
1595296800000,9178.49,9184.69,9171.15,9178.14,1387.436,1595300399999,12733861.27172,5873,654.406,6006079.76436,0
1595300400000,9178.14,9181.80,9165.03,9181.65,1459.336,1595303999999,13387050.51467,5783,717.722,6584217.15622,0
1595304000000,9180.91,9183.18,9174.00,9174.01,1228.481,1595307599999,11277314.76240,4562,500.505,4594846.07961,0
1595307600000,9174.01,9209.00,9174.01,9189.14,4614.097,1595311199999,42413985.04127,12787,2957.623,27187053.83189,0
1595311200000,9189.15,9198.86,9177.59,9193.79,2774.058,1595314799999,25490192.00629,9824,1290.860,11862587.97330,0
1595314800000,9193.80,9377.89,9190.73,9314.87,47906.820,1595318399999,444920652.01845,102348,28598.817,265523266.85558,0
1595318400000,9315.00,9334.44,9300.01,9309.96,10397.340,1595321999999,96865126.06200,29167,5379.384,50121779.34947,0
1595322000000,9309.96,9341.55,9309.27,9313.29,7472.166,1595325599999,69667520.04128,21970,3498.440,32622295.49693,0
1595325600000,9313.30,9350.32,9311.95,9346.60,6236.920,1595329199999,58221556.42393,20470,3321.333,31008800.99175,0
1595329200000,9346.60,9350.00,9325.00,9342.21,5232.148,1595332799999,48852223.99121,17707,2483.724,23191181.11134,0
1595332800000,9342.22,9410.96,9340.99,9366.47,19005.542,1595336399999,178172657.98961,49014,10256.323,96158049.24885,0
1595336400000,9366.16,9439.60,9366.16,9404.99,18854.827,1595339999999,177334004.76437,54133,9462.857,89011351.77374,0
1595340000000,9404.99,9419.95,9360.00,9376.00,10030.629,1595343599999,94115847.08297,31564,4354.988,40865161.39549,0
1595343600000,9376.00,9384.13,9319.21,9338.45,9831.918,1595347199999,91923998.30594,27452,3930.921,36757091.53007,0
1595347200000,9338.44,9359.91,9320.67,9355.65,7192.705,1595350799999,67171646.72574,24712,3661.263,34194692.00798,0
1595350800000,9355.65,9368.00,9342.89,9364.93,2883.942,1595354399999,26983757.45717,12296,1418.705,13274858.36156,0
1595354400000,9364.66,9385.00,9357.82,9385.00,3547.966,1595357999999,33255674.52928,12259,1802.413,16895722.14771,0
1595358000000,9385.00,9389.51,9342.22,9353.50,4183.399,1595361599999,39174823.11735,14425,1570.609,14710053.86822,0
1595361600000,9353.49,9368.79,9352.61,9368.72,2241.582,1595365199999,20985205.54511,9129,1024.220,9589343.75356,0
1595365200000,9368.72,9381.59,9350.17,9375.00,2637.589,1595368799999,24707763.99952,11641,1189.046,11138666.43082,0
1595368800000,9375.00,9389.94,9358.70,9377.01,3040.449,1595372399999,28504769.43295,10802,1521.674,14267067.38938,0
1595372400000,9377.01,9388.01,9368.81,9388.01,1624.929,1595375999999,15237211.21025,7900,888.173,8329274.40697,0
1595376000000,9388.00,9389.06,9353.82,9356.44,3125.767,1595379599999,29285788.66754,12812,1375.230,12884773.75119,0
1595379600000,9356.45,9387.00,9351.00,9362.26,3106.078,1595383199999,29097711.02007,12838,1647.903,15436929.45391,0
1595383200000,9362.25,9374.97,9358.60,9363.81,1618.984,1595386799999,15163729.76941,7610,770.756,7219237.48326,0
1595386800000,9363.82,9368.85,9355.00,9358.72,1459.603,1595390399999,13663895.83448,7334,576.108,5393113.15201,0
1595390400000,9358.72,9366.25,9345.00,9345.10,2283.456,1595393999999,21358629.19564,11678,827.609,7742686.72910,0
1595394000000,9345.03,9359.17,9335.50,9343.80,3585.384,1595397599999,33510489.56916,12634,1537.797,14373732.16294,0
1595397600000,9343.80,9351.14,9336.00,9337.76,2149.275,1595401199999,20082429.38871,8124,865.430,8086966.70882,0
1595401200000,9337.42,9360.00,9272.00,9301.44,13009.947,1595404799999,121171289.80685,32100,5177.514,48247191.57259,0
1595404800000,9301.44,9327.00,9292.56,9309.16,6846.405,1595408399999,63732521.99002,22972,3300.004,30722324.73942,0
1595408400000,9309.15,9329.97,9305.00,9317.43,3437.024,1595411999999,32034684.43401,14526,1712.696,15963333.06449,0
1595412000000,9317.43,9345.00,9315.49,9341.10,3278.082,1595415599999,30592534.57259,12648,1805.695,16852855.70350,0
1595415600000,9341.09,9355.00,9330.58,9344.11,3407.847,1595419199999,31843670.99634,12712,1719.574,16068691.37125,0
1595419200000,9344.11,9344.11,9317.06,9330.11,3521.732,1595422799999,32861517.50498,13907,1528.274,14259834.09578,0
1595422800000,9330.11,9338.00,9324.74,9331.06,2078.038,1595426399999,19388238.70744,9094,1102.217,10283926.65379,0
1595426400000,9331.04,9340.00,9313.76,9340.00,3234.632,1595429999999,30168304.81414,13732,1619.921,15109632.02556,0
1595430000000,9339.54,9356.21,9330.00,9338.53,4573.344,1595433599999,42731962.56816,14948,2123.082,19839839.73957,0
1595433600000,9338.53,9345.70,9327.00,9330.37,2151.465,1595437199999,20089877.20999,8499,1064.288,9937881.34189,0
1595437200000,9330.36,9369.16,9330.00,9362.55,5626.233,1595440799999,52641142.42235,18587,2878.847,26936827.47404,0
1595440800000,9362.54,9376.74,9353.00,9364.03,3673.255,1595444399999,34403352.40308,13023,1974.434,18493321.21222,0
1595444400000,9364.02,9384.00,9357.11,9372.24,3633.139,1595447999999,34040839.99858,13740,1972.427,18480707.61273,0
1595448000000,9372.24,9384.39,9362.34,9364.97,3258.357,1595451599999,30537565.01402,11005,1505.189,14108834.60963,0
1595451600000,9364.97,9375.00,9357.47,9373.70,2222.512,1595455199999,20817112.14824,11259,1233.937,11558208.89671,0
1595455200000,9373.92,9543.00,9367.12,9500.48,34880.678,1595458799999,330703234.47108,93062,21267.318,201595848.90408,0
1595458800000,9500.49,9538.00,9500.10,9518.25,10437.665,1595462399999,99340396.91488,29150,5755.780,54787297.22181,0
1595462400000,9518.25,9532.36,9500.10,9507.42,6164.407,1595465999999,58671629.11552,23385,2692.864,25635610.74102,0
1595466000000,9507.00,9522.05,9493.27,9517.44,4176.042,1595469599999,39712810.13846,14309,1994.085,18965122.44254,0
1595469600000,9517.71,9528.00,9495.11,9503.01,4878.126,1595473199999,46387367.27090,15108,2033.371,19337289.01601,0
1595473200000,9503.01,9503.01,9468.00,9493.62,6532.577,1595476799999,61968461.72704,18314,2781.961,26389955.00056,0
1595476800000,9493.63,9501.08,9486.06,9500.51,2155.138,1595480399999,20461259.18773,9293,1027.590,9756935.32297,0
1595480400000,9500.51,9500.54,9463.00,9491.98,5230.025,1595483999999,49582861.70212,20098,2014.848,19103909.64165,0
1595484000000,9491.98,9502.00,9484.11,9496.99,3005.915,1595487599999,28535811.44965,12574,1786.923,16964991.94040,0
1595487600000,9496.99,9511.98,9491.00,9495.17,3382.016,1595491199999,32135763.99390,17541,1548.455,14713689.10992,0
1595491200000,9495.18,9535.77,9484.00,9517.78,5981.352,1595494799999,56885952.88560,21799,3045.878,28973323.06676,0
1595494800000,9517.79,9517.79,9491.00,9505.31,3073.479,1595498399999,29202015.92131,12753,1427.707,13565481.13188,0
1595498400000,9505.31,9511.00,9490.39,9493.66,2665.476,1595501999999,25323119.27166,11335,1181.842,11228649.73585,0
1595502000000,9493.66,9519.86,9490.00,9507.98,3367.588,1595505599999,32007847.11539,13449,1586.127,15074618.45883,0
1595505600000,9507.99,9515.00,9488.00,9493.29,3369.225,1595509199999,32011291.86559,12510,1248.258,11861269.25020,0
1595509200000,9493.28,9504.71,9486.09,9501.00,4012.653,1595512799999,38099731.18042,13567,1719.437,16326811.64576,0
1595512800000,9500.99,9599.92,9439.86,9496.93,27968.861,1595516399999,265965932.01957,77899,14153.444,134672382.29763,0
1595516400000,9496.93,9538.97,9480.00,9527.40,8795.131,1595519999999,83665773.98677,28888,4509.050,42901164.22120,0
1595520000000,9527.39,9638.00,9512.42,9628.10,20564.758,1595523599999,196725579.40554,66533,11265.568,107810606.32049,0
1595523600000,9628.09,9678.32,9582.55,9611.31,27396.701,1595527199999,263716425.73848,77555,14212.962,136864799.64084,0
1595527200000,9611.38,9620.00,9565.85,9585.98,8409.658,1595530799999,80684520.70522,30470,3644.337,34972518.06658,0
1595530800000,9585.98,9602.99,9571.41,9597.28,4068.919,1595534399999,39020543.72898,16518,2111.436,20250962.94340,0
1595534400000,9597.29,9601.41,9570.00,9581.03,3641.956,1595537999999,34893082.46312,15865,1687.454,16167941.04172,0
1595538000000,9581.04,9612.95,9572.24,9607.05,3856.642,1595541599999,37011737.88132,16105,1865.091,17898616.79872,0
1595541600000,9607.01,9610.68,9591.00,9594.72,2174.489,1595545199999,20876134.97319,10605,911.909,8754457.51267,0
1595545200000,9594.72,9609.28,9587.48,9604.41,2119.013,1595548799999,20336815.71218,10497,1010.367,9696810.21113,0
1595548800000,9604.41,9608.14,9573.00,9586.45,3060.489,1595552399999,29345015.69764,13550,1385.593,13285192.44035,0
1595552400000,9586.46,9593.76,9555.74,9574.53,3971.699,1595555999999,38028092.27149,14951,1817.461,17404266.82105,0
1595556000000,9574.53,9585.00,9558.58,9571.40,2249.846,1595559599999,21535526.48509,10468,1025.357,9815068.37632,0
1595559600000,9571.41,9574.99,9534.00,9563.96,4573.183,1595563199999,43695745.34369,17883,1986.906,18985437.85944,0
1595563200000,9563.96,9574.00,9531.89,9537.92,3795.661,1595566799999,36256520.48846,17028,1577.929,15074513.29755,0
1595566800000,9537.90,9552.46,9516.22,9550.62,5456.506,1595570399999,52052480.64717,21908,2396.484,22866596.21605,0
1595570400000,9550.62,9551.01,9476.00,9480.00,13036.492,1595573999999,123891201.55926,41994,5358.216,50924821.79984,0
1595574000000,9480.00,9516.00,9470.00,9514.31,6959.112,1595577599999,66069727.87222,26736,3696.341,35095498.73944,0
1595577600000,9514.30,9516.80,9490.00,9511.71,4001.207,1595581199999,38034842.53146,17182,1958.501,18618268.89555,0
1595581200000,9511.71,9532.83,9511.56,9531.72,3725.081,1595584799999,35473594.39908,15640,1924.822,18330776.54853,0
1595584800000,9531.72,9565.00,9526.37,9543.74,5694.523,1595588399999,54357648.81049,22869,2841.296,27122994.92953,0
1595588400000,9543.73,9549.72,9530.33,9534.62,3394.131,1595591999999,32379859.77900,17163,1652.539,15765677.85861,0
1595592000000,9534.63,9535.00,9502.15,9523.00,5479.847,1595595599999,52161942.77281,25496,2212.381,21060444.58346,0
1595595600000,9523.00,9539.11,9504.43,9508.28,4352.170,1595599199999,41437128.61875,20935,2003.553,19077704.89817,0
1595599200000,9508.29,9541.28,9507.28,9540.43,4179.157,1595602799999,39810793.69225,17926,2287.519,21790544.05782,0
1595602800000,9540.44,9570.16,9527.24,9554.14,7226.920,1595606399999,69015455.15478,23934,3794.891,36245163.97400,0
1595606400000,9554.76,9587.43,9525.55,9576.33,7913.752,1595609999999,75648422.34789,27223,3783.419,36172219.68940,0
1595610000000,9576.33,9579.72,9522.00,9558.50,6463.823,1595613599999,61724450.76669,26239,2683.232,25619165.80035,0
1595613600000,9558.50,9590.75,9556.00,9580.43,6387.990,1595617199999,61164204.11734,28035,3238.437,31010517.18881,0
1595617200000,9580.44,9584.32,9561.00,9583.65,2477.288,1595620799999,23720944.94290,12753,1257.368,12039446.28528,0
1595620800000,9583.49,9629.00,9570.13,9615.73,7829.738,1595624399999,75192574.23287,26993,4434.579,42589768.74369,0
1595624400000,9615.73,9650.00,9591.79,9594.46,7938.337,1595627999999,76365381.52262,30420,4249.407,40890825.79100,0
1595628000000,9594.45,9598.29,9529.14,9537.08,9264.405,1595631599999,88540609.85037,34223,4447.021,42502588.64319,0
1595631600000,9537.07,9555.00,9515.00,9539.70,4543.711,1595635199999,43330174.61937,20287,1953.836,18635116.63510,0
1595635200000,9539.70,9556.05,9531.89,9540.36,2097.686,1595638799999,20022276.25434,11933,984.928,9401346.96930,0
1595638800000,9540.36,9575.00,9526.31,9568.90,3187.671,1595642399999,30444853.70115,15065,1433.206,13690444.84931,0
1595642400000,9567.92,9581.00,9559.59,9573.95,3911.736,1595645999999,37437323.29192,16445,1516.522,14514623.55356,0
1595646000000,9574.01,9620.00,9573.73,9584.83,6396.132,1595649599999,61364191.93977,24984,3447.153,33076029.39155,0
1595649600000,9584.63,9596.00,9569.01,9588.15,2624.804,1595653199999,25144661.34097,14266,1182.169,11325864.12516,0
1595653200000,9588.16,9630.37,9571.00,9591.12,6730.927,1595656799999,64611432.08277,26452,3501.361,33617332.10442,0
1595656800000,9591.12,9624.00,9583.33,9592.76,3629.428,1595660399999,34854041.36665,17978,1698.344,16309107.12196,0
1595660400000,9592.76,9600.00,9569.99,9574.68,2605.679,1595663999999,24970837.76362,14995,1223.007,11720442.40111,0
1595664000000,9574.68,9609.94,9564.20,9587.59,3378.780,1595667599999,32393925.75104,16846,1630.043,15629113.37330,0
1595667600000,9587.60,9608.22,9573.00,9575.00,2804.169,1595671199999,26887675.64414,13958,1400.518,13431629.20283,0
1595671200000,9575.00,9590.79,9566.78,9582.35,2544.216,1595674799999,24361313.00494,15038,982.639,9409506.52565,0
1595674800000,9582.35,9594.48,9575.95,9577.04,2285.109,1595678399999,21906118.27657,10409,1000.492,9592138.72799,0
1595678400000,9577.05,9607.73,9572.28,9606.64,3874.464,1595681999999,37169715.55639,16311,2092.475,20077931.05983,0
1595682000000,9606.64,9614.05,9555.00,9584.93,8199.189,1595685599999,78566523.88316,29440,3781.196,36234372.86756,0
1595685600000,9584.93,9596.63,9570.00,9585.11,2578.934,1595689199999,24711829.72580,13737,1109.560,10632814.83149,0
1595689200000,9585.11,9598.00,9577.00,9594.87,2158.419,1595692799999,20701382.45072,12155,963.281,9239277.42478,0
1595692800000,9594.86,9638.30,9575.96,9617.67,8232.098,1595696399999,79085767.83987,34535,4457.864,42835283.93533,0
1595696400000,9617.67,9710.00,9608.56,9688.10,25083.961,1595699999999,242493275.64876,69413,13980.266,135160444.08301,0
1595700000000,9688.16,9710.00,9632.01,9665.56,9164.184,1595703599999,88580202.20729,28509,4024.791,38909547.29402,0
1595703600000,9665.55,9685.00,9650.00,9674.11,3673.649,1595707199999,35533526.98247,14468,1674.102,16192471.48692,0
1595707200000,9674.11,9735.10,9672.09,9715.57,11477.099,1595710799999,111402808.35197,35075,6699.669,65040977.80295,0
1595710800000,9715.58,9735.00,9677.02,9697.25,6498.381,1595714399999,63045597.68486,27821,2956.638,28686790.76666,0
1595714400000,9697.26,9711.86,9685.12,9706.83,3526.472,1595717999999,34202604.68465,15066,1525.004,14791235.10502,0
1595718000000,9706.83,9725.00,9670.00,9701.49,6714.402,1595721599999,65101469.91131,22624,2790.075,27056685.23687,0
1595721600000,9701.54,9706.24,9664.00,9685.63,4679.492,1595725199999,45307689.91353,16264,2058.651,19934490.78483,0
1595725200000,9685.76,9691.04,9655.20,9667.79,3631.904,1595728799999,35116910.04178,14568,1733.859,16765515.05277,0
1595728800000,9667.78,9687.49,9657.00,9674.54,2589.977,1595732399999,25054017.70048,10377,1309.424,12666054.54701,0
1595732400000,9674.84,9692.92,9669.32,9681.26,1736.077,1595735999999,16810831.30017,8581,876.149,8484055.15222,0
1595736000000,9681.27,9682.45,9665.00,9672.59,2033.531,1595739599999,19670291.13438,8461,961.586,9300328.14456,0
1595739600000,9672.59,9692.58,9670.02,9681.93,2028.754,1595743199999,19645396.53178,8319,967.630,9370747.92602,0
1595743200000,9681.92,9705.03,9675.16,9702.28,2773.966,1595746799999,26882716.02260,11959,1365.913,13238811.04839,0
1595746800000,9702.02,9740.00,9687.54,9719.99,7294.386,1595750399999,70852831.62507,23141,3727.791,36213075.76669,0
1595750400000,9719.98,9794.62,9705.00,9775.00,16318.158,1595753999999,159109767.14328,44019,9301.744,90725950.16084,0
1595754000000,9775.01,9845.00,9746.02,9837.17,21183.661,1595757599999,207457950.18927,54488,11583.755,113474122.93680,0
1595757600000,9836.62,10300.00,9836.62,10012.01,92025.948,1595761199999,924067051.84968,256607,49482.967,496724014.50968,0
1595761200000,10012.02,10014.97,9954.28,9979.15,11166.313,1595764799999,111456906.02806,38662,4812.626,48042862.42109,0
1595764800000,9979.14,9997.65,9810.00,9888.88,21835.615,1595768399999,216296648.99434,64319,9477.205,93897470.09954,0
1595768400000,9888.87,9938.63,9874.35,9899.12,8175.977,1595771999999,80964709.38251,30835,4544.891,45006358.23120,0
1595772000000,9899.13,9968.00,9892.00,9959.16,6835.852,1595775599999,67881187.40803,28616,4060.921,40329644.52013,0
1595775600000,9959.36,9993.75,9914.63,9967.76,10119.165,1595779199999,100731292.40511,34073,4946.771,49250840.41692,0
1595779200000,9968.64,9995.99,9905.44,9906.69,11706.392,1595782799999,116418992.09510,37365,5332.451,53037322.48300,0
1595782800000,9906.70,9935.00,9900.56,9918.51,4488.085,1595786399999,44526406.44965,16420,2080.770,20644427.39595,0
1595786400000,9918.50,9943.41,9884.68,9928.00,6213.572,1595789999999,61574199.32976,22040,2950.500,29242630.30049,0
1595790000000,9928.00,9928.63,9855.00,9876.51,7750.398,1595793599999,76616442.36276,23048,2805.047,27725800.30955,0
1595793600000,9876.50,9908.00,9850.00,9899.02,5062.208,1595797199999,50030633.32366,16001,2415.019,23871498.94694,0
1595797200000,9899.01,9922.82,9884.00,9892.09,3624.594,1595800799999,35896113.53471,12890,1719.018,17026209.26895,0
1595800800000,9892.08,9947.19,9890.12,9926.34,5456.397,1595804399999,54175324.64050,17701,2820.153,27999046.02210,0
1595804400000,9926.34,9944.45,9906.48,9939.69,3268.364,1595807999999,32453699.27001,12813,1556.455,15455174.13497,0
1595808000000,9939.68,10064.93,9928.61,9985.61,15284.187,1595811599999,152811112.03571,46505,8452.520,84515291.42826,0
1595811600000,9985.75,10144.26,9985.62,10093.44,26720.461,1595815199999,269144401.69008,72874,13727.810,138290378.67249,0
1595815200000,10093.15,10102.54,10031.37,10065.80,9877.901,1595818799999,99433612.88203,29281,4046.866,40747336.46112,0
1595818800000,10065.79,10360.00,10063.46,10277.22,49486.991,1595822399999,505542745.85048,131195,26477.571,270473876.05644,0
1595822400000,10277.22,10330.96,10191.00,10228.68,28272.284,1595825999999,289934805.67091,75876,13460.602,138059787.77441,0
1595826000000,10228.04,10337.95,10212.51,10300.00,15186.629,1595829599999,156053043.16095,45615,8029.228,82518600.64908,0
1595829600000,10300.00,10315.00,10222.00,10288.95,13417.911,1595833199999,137779465.41223,39851,6656.347,68358072.89581,0
1595833200000,10288.94,10288.94,10147.25,10168.00,14355.550,1595836799999,146739382.70626,42403,6062.219,62003823.66450,0
1595836800000,10167.99,10197.00,10128.99,10182.95,17167.876,1595840399999,174564549.32716,53592,8471.596,86157480.25444,0
1595840400000,10182.95,10276.25,10166.61,10259.70,13467.485,1595843999999,137668030.80936,40569,7244.938,74064605.35996,0
1595844000000,10258.71,10300.00,10227.66,10269.79,11771.156,1595847599999,120801375.07439,41165,5727.942,58789214.54156,0
1595847600000,10269.79,10348.00,10215.26,10269.56,20421.771,1595851199999,209821828.29318,62897,10138.406,104191642.90568,0
1595851200000,10269.56,10328.00,10238.00,10305.00,17113.755,1595854799999,176075793.60281,51661,8895.119,91525883.32531,0
1595854800000,10305.00,10399.00,10240.57,10347.10,36690.220,1595858399999,379157030.24191,110488,19743.797,204097828.27578,0
1595858400000,10353.20,10458.58,10305.00,10422.34,31007.715,1595861999999,321718034.71023,90753,17075.946,177239028.38558,0
1595862000000,10422.35,10425.00,10285.64,10310.11,25128.098,1595865599999,259922783.67879,72981,11349.792,117415160.87636,0
1595865600000,10310.11,10803.34,10304.10,10726.60,78645.876,1595869199999,829169573.60299,192536,45045.227,474906812.34554,0
1595869200000,10726.70,10997.24,10670.00,10885.24,89404.958,1595872799999,967408584.74812,224221,45547.559,493005419.63793,0
1595872800000,10885.23,10929.00,10763.00,10853.99,27709.954,1595876399999,300646444.36857,76798,13153.350,142729471.34920,0
1595876400000,10853.99,10857.94,10735.00,10806.52,15708.859,1595879999999,169441716.62784,43235,7276.023,78473169.88530,0
1595880000000,10806.52,10895.62,10795.30,10885.01,13570.574,1595883599999,147030855.96820,37645,7439.595,80612534.26900,0
1595883600000,10885.00,11188.00,10812.79,11112.21,35430.685,1595887199999,389877194.31382,103848,19585.956,215626140.64952,0
1595887200000,11112.20,11488.00,11062.00,11239.23,80443.915,1595890799999,906349902.64862,228718,39582.412,446270995.25766,0
1595890800000,11239.22,11242.00,10780.74,11047.58,58467.589,1595894399999,644864682.86113,171111,27031.632,298009471.53533,0
1595894400000,11047.58,11267.61,11045.90,11177.97,29019.891,1595897999999,324488170.62584,86199,13949.262,155973081.68347,0
1595898000000,11177.70,11270.00,11120.02,11230.00,16743.636,1595901599999,187480412.44113,51169,8123.081,90983136.81469,0
1595901600000,11230.00,11230.00,10987.12,11001.74,20716.931,1595905199999,229959221.24243,59829,8958.586,99448097.25042,0
1595905200000,11002.92,11015.38,10855.95,10994.99,28410.913,1595908799999,310830013.51752,74184,12933.398,141561886.81968,0
1595908800000,10995.00,11064.00,10944.44,11063.02,12791.933,1595912399999,140918921.29815,36503,6249.436,68852705.22112,0
1595912400000,11063.02,11063.02,10869.02,10901.44,15427.404,1595915999999,168862156.57202,40856,6943.283,76001040.66066,0
1595916000000,10901.44,11154.00,10837.39,10958.17,25926.892,1595919599999,283597051.14734,62139,13129.001,143683206.06852,0
1595919600000,10957.61,11023.39,10855.00,10897.26,16802.120,1595923199999,183678090.36582,50093,8715.403,95294891.08622,0
1595923200000,10897.27,10928.00,10711.43,10742.00,29205.564,1595926799999,315756382.49048,76878,12675.194,137079450.04360,0
1595926800000,10742.03,10827.27,10722.96,10788.38,18274.853,1595930399999,197091691.22716,51537,8853.406,95484659.60020,0
1595930400000,10788.08,10835.19,10580.00,10824.09,40077.268,1595933999999,429114688.15050,98270,19337.471,207134347.87947,0
1595934000000,10824.41,11043.00,10804.40,11000.98,36815.430,1595937599999,403036198.38575,99585,20351.140,222768645.58714,0
1595937600000,11000.98,11078.00,10922.56,11009.28,23189.233,1595941199999,254941169.03018,81216,11721.958,128923223.01216,0
1595941200000,11009.40,11052.00,10928.00,11008.07,16901.094,1595944799999,185759825.14327,63708,8258.051,90760107.12694,0
1595944800000,11008.01,11195.00,10976.71,11184.67,31059.400,1595948399999,345345052.80793,110444,17144.134,190648695.83694,0
1595948400000,11184.68,11198.00,11085.65,11165.07,16858.066,1595951999999,187819885.68891,62730,8828.522,98382573.08895,0
1595952000000,11165.07,11193.48,10870.00,10975.65,48092.290,1595955599999,530381736.11110,156697,22390.538,247027382.19800,0
1595955600000,10975.66,11054.12,10918.39,10951.95,16778.366,1595959199999,184322770.02542,54365,8196.143,90067394.83296,0
1595959200000,10952.47,10978.78,10855.00,10932.77,14085.042,1595962799999,153851681.35409,53829,6598.160,72065209.60202,0
1595962800000,10932.78,11012.82,10876.00,11008.87,9929.176,1595966399999,108803345.46679,40641,5463.768,59904898.80319,0
1595966400000,11008.87,11027.09,10955.50,10980.85,6413.977,1595969999999,70502321.77420,26681,2848.128,31313930.04911,0
1595970000000,10980.87,11067.91,10980.87,11007.94,7860.423,1595973599999,86727504.08756,30169,3485.798,38462159.90279,0
1595973600000,11006.88,11041.00,10868.80,10955.86,12034.116,1595977199999,131710484.35124,39613,5747.460,62915606.61105,0
1595977200000,10955.87,10987.84,10901.28,10919.94,6072.661,1595980799999,66438842.36011,20543,2754.324,30136658.55188,0
1595980800000,10919.94,10985.00,10879.00,10879.01,7415.864,1595984399999,81070981.42634,23922,3464.422,37888049.00963,0
1595984400000,10879.00,10925.24,10844.34,10909.20,10052.875,1595987999999,109436291.10454,30359,5097.812,55504716.30400,0
1595988000000,10909.19,10950.55,10891.00,10914.14,5134.197,1595991599999,56081201.41278,15879,2610.011,28511399.22821,0
1595991600000,10914.14,11018.50,10914.14,10989.95,8374.528,1595995199999,91957372.77920,26337,4214.585,46281999.19264,0
1595995200000,10989.53,11028.79,10940.36,10957.53,6680.322,1595998799999,73314595.14693,20000,3346.897,36742631.63346,0
1595998800000,10957.50,11010.00,10936.31,10965.06,8144.157,1596002399999,89410293.84708,24732,3974.986,43639693.76714,0
1596002400000,10965.06,11095.50,10952.29,11081.26,14091.539,1596005999999,155563312.53088,39018,7662.099,84588599.66392,0
1596006000000,11080.59,11094.40,11015.05,11027.64,8659.551,1596009599999,95651244.17441,26422,3934.459,43463987.18246,0
1596009600000,11027.65,11149.00,11027.40,11143.08,15113.732,1596013199999,167679561.72254,46164,7967.440,88398060.98109,0
1596013200000,11143.13,11166.02,10922.00,11034.08,24794.154,1596016799999,274379899.00488,69147,11354.563,125684858.07560,0
1596016800000,11034.08,11073.45,10990.00,11065.05,8981.799,1596020399999,99057125.17259,32018,4555.466,50252419.83301,0
1596020400000,11065.00,11122.00,11030.11,11110.06,8504.083,1596023999999,94224843.22545,32783,4318.872,47862788.72657,0
1596024000000,11110.07,11150.00,11079.25,11114.35,12355.376,1596027599999,137332610.24457,39999,6436.829,71560674.79582,0
1596027600000,11114.36,11149.15,11050.00,11100.01,12917.976,1596031199999,143427488.54195,41519,6261.759,69538008.53934,0
1596031200000,11100.01,11320.00,10970.14,11114.02,45335.936,1596034799999,506622061.10284,113669,22865.627,255631981.25848,0
1596034800000,11112.95,11210.98,11105.10,11174.78,22320.678,1596038399999,249211644.37379,59648,11611.968,129672159.92812,0
1596038400000,11173.32,11288.07,11169.00,11280.60,22213.673,1596041999999,249426196.07365,60918,11795.486,132453740.35563,0
1596042000000,11280.59,11295.00,11109.27,11182.17,23593.251,1596045599999,264831036.25102,59383,10836.553,121666451.22706,0
1596045600000,11182.17,11285.00,11157.95,11219.71,13174.721,1596049199999,147992898.19480,33999,6832.216,76763559.11484,0
1596049200000,11219.60,11243.63,11178.00,11217.69,9957.646,1596052799999,111648216.14147,28330,4465.903,50079143.10485,0
1596052800000,11218.69,11265.00,11183.02,11221.28,9579.057,1596056399999,107581888.47501,25756,4740.964,53248598.36733,0
1596056400000,11221.28,11364.80,11205.51,11302.99,18986.924,1596059999999,214224121.63481,55513,10205.028,115161941.68655,0
1596060000000,11302.99,11330.00,11234.91,11256.52,13619.026,1596063599999,153615885.29046,37651,6505.773,73386945.61349,0
1596063600000,11256.52,11257.37,11054.68,11113.03,26187.696,1596067199999,291681656.96249,73020,11760.092,130972618.23922,0
1596067200000,11113.01,11130.00,10978.64,11126.82,15578.240,1596070799999,172208696.85416,47409,7037.068,77810390.12994,0
1596070800000,11128.57,11137.00,11050.31,11063.01,5599.523,1596074399999,62152629.82729,19540,2520.260,27978545.09657,0
1596074400000,11063.00,11111.18,10952.32,10993.00,11057.828,1596077999999,121986725.12850,33051,4966.790,54815374.37287,0
1596078000000,10993.00,11062.95,10967.21,10998.37,6584.775,1596081599999,72572047.52224,23055,3240.937,35727744.89297,0
1596081600000,10998.37,11060.00,10980.91,11039.13,5586.136,1596085199999,61666444.16268,18760,2893.399,31945891.71823,0
1596085200000,11039.68,11049.61,10975.00,11003.46,6603.008,1596088799999,72686898.27398,24459,3090.992,34027869.07188,0
1596088800000,11003.86,11041.66,10927.00,11017.25,13050.259,1596092399999,143509691.98265,35164,6282.634,69104026.51720,0
1596092400000,11017.25,11017.25,10905.00,10952.87,13479.520,1596095999999,147657942.63657,40936,5649.555,61889745.11047,0
1596096000000,10952.98,11028.94,10944.30,11025.29,8857.692,1596099599999,97247133.87401,28007,4657.885,51142167.98088,0
1596099600000,11025.05,11025.05,10960.10,10999.88,5856.121,1596103199999,64369148.57111,20734,2268.707,24938192.40458,0
1596103200000,10999.89,10999.89,10927.23,10953.35,6942.787,1596106799999,76065859.77539,22703,3425.130,37530221.26575,0
1596106800000,10953.35,10964.99,10905.00,10942.01,8230.042,1596110399999,90035191.23299,24761,4305.071,47102085.68934,0
1596110400000,10942.01,11000.00,10938.79,10950.00,8358.967,1596113999999,91743933.47374,26069,4576.627,50232537.24387,0
1596114000000,10950.00,11057.24,10826.55,11034.09,25519.247,1596117599999,279874889.13268,67817,12822.788,140796388.03160,0
1596117600000,11034.08,11034.08,10965.02,10980.00,9483.898,1596121199999,104259960.08062,26882,4742.832,52138486.04086,0
1596121200000,10979.99,11028.90,10977.00,11020.31,4889.511,1596124799999,53800383.60208,16888,2587.230,28466602.19525,0
1596124800000,11020.32,11048.99,10983.11,11029.06,8298.411,1596128399999,91427298.45342,25537,4013.805,44227035.37285,0
1596128400000,11028.68,11062.62,11004.00,11055.00,7678.655,1596131999999,84736226.71617,24046,4016.593,44329547.03071,0
1596132000000,11055.01,11108.87,11050.00,11102.00,9786.664,1596135599999,108503209.43058,31013,4845.677,53724405.03265,0
1596135600000,11102.00,11155.06,11085.88,11130.69,11512.133,1596139199999,128020444.40327,32803,5630.306,62618619.71069,0
1596139200000,11130.70,11195.52,11128.28,11151.55,11439.565,1596142799999,127650222.92764,32926,5528.998,61703124.12152,0
1596142800000,11151.55,11182.48,11073.28,11098.10,10501.879,1596146399999,116820545.05242,34543,4298.546,47826389.80668,0
1596146400000,11098.24,11179.00,11095.96,11178.04,6309.618,1596149999999,70233791.50900,20915,3175.838,35361957.42996,0
1596150000000,11178.05,11185.00,11104.05,11111.96,9123.509,1596153599999,101701369.98151,27317,4488.840,50036648.72300,0
1596153600000,11111.97,11150.52,11040.00,11060.94,9229.980,1596157199999,102396868.17323,26510,4033.537,44757518.66161,0
1596157200000,11060.93,11074.00,10971.78,11028.46,10708.149,1596160799999,117929133.13609,30452,4907.178,54041497.19071,0
1596160800000,11028.46,11035.00,11000.01,11006.78,4236.558,1596164399999,46681223.94058,12984,1974.504,21755469.47829,0
1596164400000,11006.78,11041.04,10978.00,10988.59,5344.437,1596167999999,58833204.43829,16063,2846.174,31331407.87311,0
1596168000000,10989.42,11067.67,10986.51,11060.86,6176.775,1596171599999,68129886.41724,18026,3260.927,35972171.92163,0
1596171600000,11060.63,11066.99,11036.78,11049.47,3851.020,1596175199999,42568533.79264,12353,1815.974,20074422.45950,0
1596175200000,11049.47,11166.00,11046.01,11151.49,10255.118,1596178799999,114020475.80685,29213,5706.297,63441314.40761,0
1596178800000,11151.71,11161.08,11103.00,11140.65,9111.388,1596182399999,101422983.65902,27216,4168.789,46409041.92771,0
1596182400000,11141.00,11205.55,11100.00,11138.15,15609.977,1596185999999,174187077.19413,45432,7910.798,88297692.68994,0
1596186000000,11138.15,11160.00,11116.00,11126.96,6676.538,1596189599999,74341912.64065,19574,3211.890,35767852.02729,0
1596189600000,11126.97,11199.00,11116.22,11185.49,9281.768,1596193199999,103636910.85960,25245,5247.632,58600057.93421,0
1596193200000,11186.00,11240.00,11150.00,11231.87,10749.145,1596196799999,120297548.37335,29973,5790.539,64817872.39861,0
1596196800000,11231.88,11249.00,11185.00,11248.45,15425.715,1596200399999,173022687.12923,40849,7930.586,88965631.13891,0
1596200400000,11248.46,11258.87,11124.71,11161.76,16409.330,1596203999999,183342557.44789,43038,7540.634,84257639.21077,0
1596204000000,11162.34,11256.64,11148.32,11254.55,11599.004,1596207599999,129916780.08991,32081,6631.279,74287252.05797,0
1596207600000,11254.56,11390.00,11230.00,11355.05,36906.367,1596211199999,417409941.68401,95566,19342.688,218808210.61198,0
1596211200000,11355.05,11450.42,11223.00,11362.45,51484.477,1596214799999,584788655.59616,122396,26569.977,301912256.16932,0
1596214800000,11361.11,11368.54,11280.17,11289.21,11801.736,1596218399999,133541935.24698,33399,5905.045,66824263.91013,0
1596218400000,11289.22,11313.61,11226.41,11249.97,9716.802,1596221999999,109525610.00683,26983,4231.351,47704126.52774,0
1596222000000,11250.00,11328.75,11241.57,11326.36,6107.459,1596225599999,68959974.12790,19312,3190.519,36023490.04833,0
1596225600000,11326.36,11425.00,11316.22,11336.75,15401.755,1596229199999,175095996.52523,43821,7837.049,89113546.75171,0
1596229200000,11336.75,11437.45,11306.33,11387.66,13860.060,1596232799999,157806292.47426,43338,6910.567,78681964.92216,0
1596232800000,11388.21,11414.53,11300.00,11313.07,10908.275,1596236399999,123859729.00294,29832,5229.611,59382459.21837,0
1596236400000,11313.07,11349.03,11290.78,11343.68,6547.898,1596239999999,74132904.37869,19645,3533.871,40014023.33450,0
