1577836800000,129.12,129.12,128.62,128.82,14947.691,1577840399999,1925643.61904,1249,7707.625,992883.79597,0
1577840400000,128.81,130.61,128.76,130.57,34755.256,1577843999999,4514483.58120,3116,19928.267,2588555.34518,0
1577844000000,130.58,130.97,130.30,130.80,21864.946,1577847599999,2857377.66035,1807,10299.172,1345961.88773,0
1577847600000,130.80,130.82,129.88,130.09,16823.171,1577851199999,2190835.34416,1448,7580.536,986901.27252,0
1577851200000,130.10,130.63,130.09,130.15,11357.239,1577854799999,1480318.82251,1065,5204.925,678301.53122,0
1577854800000,130.15,130.37,130.05,130.23,7851.208,1577858399999,1022470.85041,834,3624.324,471972.08305,0
1577858400000,130.23,130.67,130.21,130.36,12698.171,1577861999999,1656415.14384,1181,6005.377,783382.70544,0
1577862000000,130.36,130.60,130,130.17,14907.105,1577865599999,1942037.23612,1169,7926.916,1032474.02414,0
1577865600000,130.15,130.24,129.75,130.24,14712.157,1577869199999,1912017.90765,1355,6372.486,828194.51592,0
1577869200000,130.24,130.49,130.01,130.03,7567.510,1577872799999,985720.44641,1067,3301.827,430111.41746,0
1577872800000,130.02,130.68,129.97,130.59,12393.915,1577876399999,1615959.62319,1306,6249.176,814843.89211,0
1577876400000,130.59,131.88,130.50,130.64,35693.375,1577879999999,4683276.29012,2741,19860.364,2605598.00094,0
1577880000000,130.63,131.58,130.63,131.53,15314.035,1577883599999,2008066.04006,1339,9235.363,1211065.79045,0
1577883600000,131.57,131.97,131.18,131.55,15767.101,1577887199999,2074315.66068,1430,7789.997,1024997.65714,0
1577887200000,131.55,132.24,131.16,131.82,21989.252,1577890799999,2899058.69886,2101,11230.797,1480919.47693,0
1577890800000,131.87,132.49,131.52,131.97,22613.919,1577894399999,2983434.15559,1845,10855.072,1432419.69834,0
1577894400000,132,132.90,131.71,132.79,26228.975,1577897999999,3466593.19304,2099,14399.560,1903693.02404,0
1577898000000,132.80,132.96,132.22,132.31,23039.829,1577901599999,3053311.84078,1755,10393.366,1377293.62051,0
1577901600000,132.31,132.38,131.45,131.94,17695.871,1577905199999,2334762.11107,1424,7676.756,1012864.72569,0
1577905200000,131.94,132.04,131.53,131.79,11759.809,1577908799999,1549616.05263,1158,5781.663,761808.22943,0
1577908800000,131.79,132.18,131.60,132.09,14358.920,1577912399999,1894212.29117,1283,7427.870,979844.67257,0
1577912400000,132.09,132.25,131.57,131.77,18456.592,1577915999999,2435027.95156,1468,8764.708,1156180.45712,0
1577916000000,131.77,131.77,129.80,130.21,45005.500,1577919599999,5874611.11650,3813,20284.876,2646735.43667,0
1577919600000,130.21,130.78,129.54,130.62,28262.382,1577923199999,3677992.76734,2115,14591.848,1899136.61467,0
1577923200000,130.63,130.75,130.20,130.60,15892.610,1577926799999,2072878.98118,1346,8391.716,1094451.93662,0
1577926800000,130.61,130.61,130.09,130.17,13015.260,1577930399999,1696085.95489,1135,6768.638,882114.41743,0
1577930400000,130.13,130.13,128.86,129.70,38688.044,1577933999999,5008722.46878,3374,19077.276,2469887.48836,0
1577934000000,129.70,129.70,128.75,129.09,23757.320,1577937599999,3069374.11323,2628,11858.695,1532046.64567,0
1577937600000,129.07,129.83,128.67,129.55,28032.828,1577941199999,3627201.48923,2269,13875.658,1795492.29665,0
1577941200000,129.54,129.71,129.30,129.58,12684.201,1577944799999,1642345.71536,1406,6541.389,846958.20358,0
1577944800000,129.58,129.96,129.15,129.39,11052.361,1577948399999,1432389.94633,1082,5916.088,766732.93276,0
1577948400000,129.39,129.65,128.96,129.28,23377.733,1577951999999,3021933.62673,1880,11809.051,1526494.33586,0
1577952000000,129.20,130.22,129.17,130.14,19059.405,1577955599999,2474922.44059,1434,10044.990,1304563.45299,0
1577955600000,130.14,130.15,129.57,129.96,16525.189,1577959199999,2144499.83423,1277,8935.998,1159662.61935,0
1577959200000,129.92,130.24,129.61,129.66,19073.926,1577962799999,2478355.37191,1578,9402.936,1221821.45343,0
1577962800000,129.65,129.87,129.32,129.48,14682.568,1577966399999,1902625.33309,1175,5127.345,664490.23826,0
1577966400000,129.47,129.94,129.45,129.88,13974.150,1577969999999,1812480.76193,1271,8428.768,1093175.95546,0
1577970000000,129.89,129.95,128.79,129.31,24088.025,1577973599999,3115358.25126,2250,9815.624,1269249.37769,0
1577973600000,129.31,129.87,129.11,129.30,24048.495,1577977199999,3111624.25506,1750,12869.148,1665249.05686,0
1577977200000,129.30,129.64,129.26,129.48,12979.273,1577980799999,1680404.13747,1174,6568.359,850273.18044,0
1577980800000,129.50,129.65,126.79,127.45,74728.673,1577984399999,9561010.98315,6284,29364.212,3756986.39736,0
1577984400000,127.45,127.60,126.25,127.36,67653.230,1577987999999,8583734.72658,6855,31518.193,3999977.80400,0
1577988000000,127.38,127.63,127.07,127.46,13454.653,1577991599999,1713642.12212,1359,7220.803,919640.38748,0
1577991600000,127.44,127.56,127.05,127.53,14985.382,1577995199999,1907795.17764,1449,7877.700,1002832.88820,0
1577995200000,127.53,127.55,126.70,127.11,16137.423,1577998799999,2051241.23057,1389,8445.203,1073435.87633,0
1577998800000,127.11,127.79,127.11,127.65,8499.159,1578002399999,1083011.89043,980,5168.637,658635.16901,0
1578002400000,127.65,127.65,127.22,127.29,5568.846,1578005999999,708998.71872,652,2556.969,325519.23722,0
1578006000000,127.32,127.41,126.86,127.11,11624.170,1578009599999,1477333.31454,1482,6257.239,795243.00225,0
1578009600000,127.11,127.51,126.75,127.00,16609.221,1578013199999,2110404.41027,1675,8096.745,1028829.22168,0
1578013200000,126.99,127.08,125.78,125.96,19971.062,1578016799999,2524656.71331,1709,8367.461,1058461.83290,0
1578016800000,125.96,127.01,125.80,126.91,23903.653,1578020399999,3024929.21333,2593,14670.709,1856859.56040,0
1578020400000,126.90,127.00,126.59,126.76,8096.512,1578023999999,1026301.63661,832,4049.474,513272.91440,0
1578024000000,126.81,130.18,126.81,129.23,102989.591,1578027599999,13264392.28073,9535,58820.941,7574758.32994,0
1578027600000,129.23,129.95,128.69,129.18,32311.229,1578031199999,4174432.92771,3082,17253.368,2229634.88998,0
1578031200000,129.18,129.31,128.75,129.16,20776.304,1578034799999,2680946.46453,2119,10582.011,1365452.07872,0
1578034800000,129.15,129.43,128.69,128.82,24113.917,1578038399999,3112507.54217,2281,9349.681,1206950.42279,0
1578038400000,128.84,132.97,128.66,132.11,113733.546,1578041999999,14903248.14124,12848,57570.066,7553268.99115,0
1578042000000,132.12,132.81,131.66,132.32,47668.575,1578045599999,6300103.35945,5884,23177.504,3063918.54618,0
1578045600000,132.31,132.66,131.48,132.00,37473.557,1578049199999,4946929.03136,4010,17948.746,2369645.20787,0
1578049200000,132.00,132.53,131.83,132.42,21476.944,1578052799999,2838629.14399,2335,11150.375,1473720.71991,0
1578052800000,132.40,132.80,131.87,132.19,24560.354,1578056399999,3250430.26750,2820,13133.285,1738141.52654,0
1578056400000,132.19,133.95,132.19,133.47,36045.677,1578059999999,4793050.38118,4525,21222.240,2822705.38873,0
1578060000000,133.48,133.78,130.94,131.59,67475.896,1578063599999,8901482.68062,8198,29883.980,3941791.69552,0
1578063600000,131.62,132.47,131.57,132.45,21778.628,1578067199999,2872122.24410,2586,11307.460,1491076.45131,0
1578067200000,132.48,133.74,131.92,133.40,76657.809,1578070799999,10191478.51714,9649,39678.174,5276076.55622,0
1578070800000,133.40,134.94,132.66,133.93,63250.414,1578074399999,8454200.15994,6886,34129.039,4563138.25054,0
1578074400000,133.92,134.16,133.17,133.45,36637.170,1578077999999,4897568.30208,3778,17521.295,2341964.94201,0
1578078000000,133.42,133.48,132.17,133.41,37046.840,1578081599999,4924200.68225,4823,17666.703,2348550.51155,0
1578081600000,133.42,133.98,132.96,133.39,26841.389,1578085199999,3582962.40820,3186,13827.019,1845460.94644,0
1578085200000,133.39,133.84,132.21,132.44,26764.338,1578088799999,3559504.76511,3392,11955.888,1589920.90004,0
1578088800000,132.44,133.35,132.15,133.00,16553.192,1578092399999,2196069.68173,2426,8401.479,1114677.93606,0
1578092400000,133.02,135.07,132.87,134.29,48387.779,1578095999999,6488377.08622,5689,26395.510,3538875.28314,0
1578096000000,134.31,134.73,133.38,133.63,27508.789,1578099599999,3684615.58590,3687,12963.048,1736228.23820,0
1578099600000,133.63,133.63,132.75,132.97,19071.612,1578103199999,2537376.21486,2455,10393.864,1382627.59880,0
1578103200000,132.98,133.41,132.74,133.41,15459.079,1578106799999,2056233.99351,1772,7724.419,1027518.82467,0
1578106800000,133.41,133.47,133.11,133.25,15655.292,1578110399999,2086722.63191,1667,7635.144,1017671.32084,0
1578110400000,133.25,133.84,132.88,133.63,20311.249,1578113999999,2709230.00322,2619,9758.592,1301887.20031,0
1578114000000,133.60,134.00,133.41,133.65,18574.425,1578117599999,2483157.13277,2022,9554.314,1277215.55503,0
1578117600000,133.65,134.20,133.59,133.89,18920.309,1578121199999,2533164.00557,2245,10554.422,1413086.25801,0
1578121200000,133.88,134.21,133.30,133.84,19567.045,1578124799999,2618774.06391,2298,9690.475,1296737.23478,0
1578124800000,133.84,134.04,133.42,133.55,15685.305,1578128399999,2097482.28577,2104,7735.587,1034456.41471,0
1578128400000,133.55,134.08,133.34,134.05,21806.512,1578131999999,2915528.50303,2407,11363.246,1519425.59516,0
1578132000000,134.06,134.10,133.30,133.32,21292.373,1578135599999,2848996.56327,2420,10031.462,1342205.86473,0
1578135600000,133.35,133.77,132.95,133.71,19257.449,1578139199999,2569652.56623,2671,9699.914,1294512.40974,0
1578139200000,133.71,133.71,132.41,132.71,18795.141,1578142799999,2501696.86934,2763,7618.871,1014227.34466,0
1578142800000,132.73,133.20,132.52,132.84,18235.436,1578146399999,2423375.81912,2514,10295.003,1368138.78694,0
1578146400000,132.83,133.30,132.81,133.04,10676.306,1578149999999,1420530.06976,1517,5948.698,791478.01211,0
1578150000000,133.03,133.56,132.90,133.21,13516.398,1578153599999,1801382.76655,1833,5233.423,697520.50649,0
1578153600000,133.19,133.38,132.91,133.10,13378.947,1578157199999,1781488.76196,2056,6598.490,878596.68822,0
1578157200000,133.10,134.80,133.05,134.51,33333.711,1578160799999,4470736.01651,4583,19033.985,2552615.97481,0
1578160800000,134.52,135.80,132.70,133.45,79866.770,1578164399999,10721849.24419,9350,40550.559,5448457.81403,0
1578164400000,133.44,134.24,133.04,133.65,36319.013,1578167999999,4852223.62986,4270,17702.066,2365192.53521,0
1578168000000,133.66,134.10,133.38,134.01,18413.579,1578171599999,2463127.12483,2586,9127.674,1220853.65162,0
1578171600000,134.01,134.51,133.65,134.03,17378.845,1578175199999,2331035.49704,2330,9666.253,1296531.97045,0
1578175200000,134.06,134.33,133.80,134.07,8611.225,1578178799999,1154167.58159,1599,4806.831,644224.58016,0
1578178800000,134.07,134.34,133.71,134.14,8143.298,1578182399999,1091383.48157,1370,3618.500,484941.61089,0
1578182400000,134.14,135.22,134.12,134.74,35064.210,1578185999999,4721454.47601,4298,19558.689,2633494.08764,0
1578186000000,134.73,135.82,134.68,135.56,44337.261,1578189599999,6002924.37760,5465,22776.448,3083902.77209,0
1578189600000,135.57,135.96,135.08,135.42,19454.162,1578193199999,2635820.30066,2751,10175.706,1378613.05082,0
1578193200000,135.43,136.17,135.43,136.10,16554.005,1578196799999,2247734.78071,2035,9919.082,1347012.72524,0
1578196800000,136.10,137.25,135.56,135.84,43064.046,1578200399999,5866174.77078,3988,21877.459,2980827.44220,0
1578200400000,135.83,136.39,135.60,136.10,17767.181,1578203999999,2415474.16866,1947,8656.223,1176608.82853,0
1578204000000,136.10,136.49,135.79,136.04,16278.641,1578207599999,2214909.40837,1850,7922.544,1077827.13829,0
1578207600000,136.04,136.23,135.76,135.98,12766.922,1578211199999,1736033.01950,1405,7166.863,974471.42926,0
1578211200000,135.99,136.18,134.90,135.33,24409.449,1578214799999,3307854.65877,2718,9468.846,1283009.27465,0
1578214800000,135.33,135.57,134.84,135.26,23813.346,1578218399999,3220130.43154,2724,11045.189,1493551.68820,0
1578218400000,135.25,135.40,134.63,134.86,13772.826,1578221999999,1859517.73213,1884,6430.981,868353.28666,0
1578222000000,134.86,135.34,134.75,135.03,11397.851,1578225599999,1538951.17081,1408,6308.918,851771.96608,0
1578225600000,135.03,135.85,135.02,135.84,20049.938,1578229199999,2716275.66486,2108,10937.217,1481569.18165,0
1578229200000,135.84,135.88,135.18,135.56,15966.758,1578232799999,2164398.81951,1920,8125.547,1101291.36719,0
1578232800000,135.57,135.82,135.46,135.56,9160.547,1578236399999,1242866.53808,1270,3428.090,465055.80651,0
1578236400000,135.56,137.86,135.46,137.14,55714.466,1578239999999,7630193.63227,6041,28659.136,3923053.18721,0
1578240000000,137.16,137.99,136.50,137.08,45505.759,1578243599999,6251961.82346,4155,23326.279,3205457.04604,0
1578243600000,137.07,138.17,136.66,137.74,33127.557,1578247199999,4554024.68374,2838,17391.302,2390765.87229,0
1578247200000,137.76,137.99,136.83,137.72,24442.858,1578250799999,3357680.62803,2488,12812.862,1760127.03067,0
1578250800000,137.72,137.90,137.28,137.87,18452.299,1578254399999,2538753.76521,1530,9081.807,1249416.61987,0
1578254400000,137.86,137.94,137.40,137.77,13832.766,1578257999999,1904825.97489,1223,6811.240,937895.37468,0
1578258000000,137.76,137.76,134.79,135.31,80907.588,1578261599999,11005970.41445,7727,32394.140,4404403.88247,0
1578261600000,135.26,135.92,134.27,134.97,37609.134,1578265199999,5076485.33073,4099,18171.710,2453083.60793,0
1578265200000,134.99,135.42,134.16,135.33,36228.117,1578268799999,4888180.85401,3208,19743.666,2664435.13110,0
1578268800000,135.32,135.67,134.82,135.63,26199.219,1578272399999,3543501.48853,2612,14590.169,1973325.77016,0
1578272400000,135.63,137.46,135.36,137.18,39580.665,1578275999999,5392799.08122,3644,21225.148,2890651.71488,0
1578276000000,137.14,139.49,137.14,139.03,105901.165,1578279599999,14676306.05844,10272,57490.986,7967693.33979,0
1578279600000,139.13,139.62,138.17,139.41,61256.699,1578283199999,8505765.50336,4932,29559.417,4105133.67110,0
1578283200000,139.42,139.68,139.01,139.33,28036.976,1578286799999,3907496.86328,2191,15203.490,2119158.68444,0
1578286800000,139.33,139.50,138.47,139.07,23821.259,1578290399999,3309235.81613,1951,10643.309,1478631.90591,0
1578290400000,139.08,139.22,138.77,138.83,13268.827,1578293999999,1844460.68382,1277,6565.745,912699.87325,0
1578294000000,138.85,139.06,138.72,138.79,11297.345,1578297599999,1568998.49802,966,5717.115,794004.54216,0
1578297600000,138.79,140.81,138.75,140.49,46553.379,1578301199999,6508570.50834,3601,26574.552,3716093.69534,0
1578301200000,140.50,140.76,139.70,140.76,38505.577,1578304799999,5397868.90178,2944,17472.640,2449097.61382,0
1578304800000,140.75,142.48,140.54,141.91,60293.411,1578308399999,8530608.06482,5007,33692.993,4767702.52032,0
1578308400000,141.91,142.99,140.80,141.50,64838.244,1578311999999,9194582.03225,4765,30767.001,4364129.04696,0
1578312000000,141.48,142.61,141.41,142.22,40050.576,1578315599999,5684775.08384,2861,22053.350,3130015.92557,0
1578315600000,142.20,143.00,139.02,140.13,97231.021,1578319199999,13745062.04848,7707,47686.407,6746840.78546,0
1578319200000,140.21,141.42,139.59,140.99,63549.483,1578322799999,8941448.16754,5056,32182.586,4527731.30618,0
1578322800000,141.00,141.32,139.97,140.14,33206.339,1578326399999,4671708.26239,2363,15743.303,2214969.81405,0
1578326400000,140.14,141.26,139.97,140.58,42130.876,1578329999999,5928466.92415,3276,20026.245,2817612.65406,0
1578330000000,140.58,141.80,140.46,141.77,41369.290,1578333599999,5839083.76292,2883,22188.377,3132012.38682,0
1578333600000,141.76,141.80,140.62,140.98,24174.679,1578337199999,3413175.98267,1932,10681.359,1508050.77081,0
1578337200000,141.00,141.56,140.81,141.29,16642.644,1578340799999,2349436.45189,1374,8766.904,1237653.53278,0
1578340800000,141.32,142.43,141.23,142.11,24934.266,1578344399999,3534909.30038,2127,14615.776,2071926.99184,0
1578344400000,142.13,142.50,141.38,141.61,43363.406,1578347999999,6161659.96008,3336,19394.746,2756240.34016,0
1578348000000,141.53,143.67,141.49,142.97,62279.137,1578351599999,8888461.25134,5594,33665.618,4804859.68974,0
1578351600000,142.97,144.38,142.57,144.04,86662.683,1578355199999,12455081.34392,7180,48532.127,6975530.89776,0
1578355200000,144.11,145.25,143.13,143.70,85710.913,1578358799999,12379469.06412,9161,44046.575,6362910.26269,0
1578358800000,143.72,144.14,143.36,143.86,28808.860,1578362399999,4140292.70413,2264,14484.757,2081799.93031,0
1578362400000,143.85,144.84,143.76,143.93,23936.803,1578365999999,3454882.05742,2196,12255.410,1768938.80113,0
1578366000000,143.96,144.38,143.48,143.48,15685.083,1578369599999,2256231.28134,1276,6951.050,999856.49570,0
1578369600000,143.49,143.61,142.06,142.50,32250.787,1578373199999,4602887.18100,2547,14502.752,2070090.81685,0
1578373200000,142.48,143.07,142.08,142.96,15573.061,1578376799999,2221130.74068,1280,7704.131,1098997.41561,0
1578376800000,142.95,143.23,142.49,142.78,15637.317,1578380399999,2233576.90555,1153,8216.099,1174239.90024,0
1578380400000,142.81,143.06,142.45,142.80,11450.978,1578383999999,1634313.52368,1003,5307.049,757369.23316,0
1578384000000,142.82,143.38,142.82,143.14,19737.824,1578387599999,2824410.66995,1499,11722.050,1677293.59419,0
1578387600000,143.14,143.45,142.44,142.53,16791.998,1578391199999,2400656.32940,1325,5979.631,855239.28595,0
1578391200000,142.54,142.88,142.39,142.84,14484.499,1578394799999,2066109.00863,1074,7412.910,1057409.21099,0
1578394800000,142.83,143.74,142.58,142.63,35874.005,1578398399999,5136459.86448,2546,17075.252,2445863.60218,0
1578398400000,142.64,142.64,140.61,141.12,52537.215,1578401999999,7441666.23402,4679,22486.055,3185353.07485,0
1578402000000,141.11,141.23,140.07,140.94,43265.779,1578405599999,6081944.38333,3105,22571.439,3172768.05823,0
1578405600000,140.93,141.32,140.51,140.80,19179.018,1578409199999,2703696.75024,1631,9907.441,1396696.26282,0
1578409200000,140.78,140.82,138.78,139.46,64338.437,1578412799999,8989140.19361,5216,23374.757,3266486.43451,0
1578412800000,139.45,141.84,138.70,141.28,64453.368,1578416399999,9076307.57029,5688,33984.136,4788520.03001,0
1578416400000,141.28,142.94,141.01,142.74,58752.869,1578419999999,8355632.36028,4443,33111.282,4711655.07521,0
1578420000000,142.69,143.64,142.30,142.46,62133.625,1578423599999,8881296.36814,6161,33011.222,4719729.12428,0
1578423600000,142.43,144.02,142.30,143.20,101819.027,1578427199999,14585045.34073,8216,52222.996,7479973.48127,0
1578427200000,143.18,144.80,142.92,144.74,51920.015,1578430799999,7470789.99449,5084,31180.687,4487735.24327,0
1578430800000,144.75,145.02,141.99,142.49,60848.661,1578434399999,8726454.46949,5530,29431.725,4221305.67792,0
1578434400000,142.46,143.00,141.32,142.24,32238.989,1578437999999,4580711.70494,2232,15239.798,2165689.66425,0
1578438000000,142.24,143.93,142.24,142.86,35902.374,1578441599999,5141088.85178,2966,19806.643,2836752.74389,0
1578441600000,142.86,147.94,142.76,147.51,114325.611,1578445199999,16545363.71375,10862,62815.297,9093830.52265,0
1578445200000,147.51,147.82,145.27,145.64,75653.758,1578448799999,11081778.25746,7557,36337.470,5323447.51416,0
1578448800000,145.64,146.40,144.12,144.53,37581.131,1578452399999,5465842.05248,4488,16461.785,2396047.09851,0
1578452400000,144.53,145.09,143.73,144.56,36153.276,1578455999999,5224607.95068,4203,17355.566,2508265.96394,0
1578456000000,144.55,145.26,144.55,145.00,22425.119,1578459599999,3252180.22804,2617,13205.923,1915300.79824,0
1578459600000,145.00,145.26,144.51,144.79,29760.591,1578463199999,4310505.54819,2949,15085.550,2185501.22022,0
1578463200000,144.79,145.19,144.58,145.12,29778.041,1578466799999,4314950.43369,2694,12499.332,1810963.94492,0
1578466800000,145.12,145.17,142.58,143.59,49896.437,1578470399999,7179947.56599,4553,24300.947,3498472.97624,0
1578470400000,143.55,144.07,142.95,143.85,32114.342,1578473999999,4609370.33176,3258,15075.270,2163834.36974,0
1578474000000,143.86,144.03,143.01,143.32,26638.928,1578477599999,3820421.72663,2791,12975.210,1860488.93502,0
1578477600000,143.32,144.50,143.06,143.91,33590.668,1578481199999,4833324.31336,3363,19993.214,2876841.80930,0
1578481200000,143.92,144.45,143.42,143.52,27938.319,1578484799999,4022112.97219,2754,13781.501,1984531.13538,0
1578484800000,143.52,143.66,142.00,142.36,40740.414,1578488399999,5825918.71809,3888,18359.252,2626697.93840,0
1578488400000,142.35,143.50,140.67,143.06,87630.517,1578491999999,12455839.08061,8390,40808.940,5802604.35253,0
1578492000000,143.06,143.06,140.83,142.02,60966.024,1578495599999,8652146.40410,5732,29770.428,4224831.91542,0
1578495600000,142.04,142.30,140.40,141.47,62739.884,1578499199999,8866722.94169,5615,28683.400,4055519.23079,0
1578499200000,141.45,141.91,137.95,138.90,119800.295,1578502799999,16732725.52722,12290,56068.345,7829202.50877,0
1578502800000,138.96,139.37,137.63,138.77,73038.380,1578506399999,10125409.70180,6481,35527.323,4927404.06934,0
1578506400000,138.77,140.00,138.55,139.40,37839.960,1578509999999,5267251.88664,3875,20625.700,2871624.41447,0
1578510000000,139.41,139.74,137.90,137.90,48423.683,1578513599999,6717594.01678,4738,22012.437,3054246.78447,0
1578513600000,137.91,139.61,137.15,139.17,65231.293,1578517199999,9020869.14694,6091,32292.952,4465894.47713,0
1578517200000,139.17,139.76,138.61,139.19,36105.047,1578520799999,5026815.92049,3334,18673.999,2599596.65852,0
1578520800000,139.19,140.65,138.64,140.45,24864.294,1578524399999,3464277.94283,2408,13421.421,1870290.22925,0
1578524400000,140.45,141.51,140.04,140.75,34897.754,1578527999999,4917922.41145,2738,17638.233,2485924.06888,0
1578528000000,140.76,140.80,139.49,139.85,49863.010,1578531599999,6978228.03182,3585,23537.182,3293618.79257,0
1578531600000,139.85,141.52,139.71,140.98,36342.598,1578535199999,5112666.38143,2848,20333.623,2860010.77886,0
1578535200000,140.96,141.13,140.29,140.41,26613.423,1578538799999,3744378.21355,2087,14059.560,1978010.81938,0
1578538800000,140.41,140.41,139.46,139.93,31141.011,1578542399999,4357123.94991,2234,14684.206,2054471.52574,0
1578542400000,139.93,140.38,139.58,139.98,30029.786,1578545999999,4203292.52927,2225,16924.141,2368581.17041,0
1578546000000,139.97,139.97,138.64,139.12,33833.955,1578549599999,4710903.61805,2681,14003.714,1949114.57895,0
1578549600000,139.12,139.74,138.67,139.38,33110.214,1578553199999,4614442.53831,2675,15954.185,2223386.55406,0
1578553200000,139.35,140.21,139.26,139.91,32002.426,1578556799999,4477857.34239,2460,15275.427,2137245.54500,0
1578556800000,139.93,140.09,138.96,139.34,28371.363,1578560399999,3962402.17806,2370,12644.505,1766567.99777,0
1578560400000,139.34,139.34,137.60,138.24,59107.097,1578563999999,8177539.43756,4786,23150.354,3203611.67781,0
1578564000000,138.26,139.10,137.60,138.82,38752.477,1578567599999,5370932.05842,3362,17791.641,2466196.77724,0
1578567600000,138.82,138.82,137.74,138.21,34447.183,1578571199999,4762391.46546,2770,17910.857,2475941.92692,0
1578571200000,138.21,138.55,137.89,138.48,27952.158,1578574799999,3865528.34225,2424,13875.978,1918944.95440,0
1578574800000,138.45,138.90,138.17,138.22,25423.556,1578578399999,3522430.73878,2344,10779.582,1493578.94385,0
1578578400000,138.22,138.60,137.68,137.77,24320.785,1578581999999,3362680.55624,2285,8891.267,1229292.26880,0
1578582000000,137.77,138.65,137.69,138.12,21033.726,1578585599999,2906452.63664,2230,10480.512,1448258.02367,0
1578585600000,138.13,138.45,135.33,135.87,74260.274,1578589199999,10128963.07879,6529,30930.687,4218671.52949,0
1578589200000,135.86,136.38,135.57,135.99,42203.213,1578592799999,5737778.52547,3646,21472.957,2919573.94891,0
1578592800000,135.99,136.25,135.62,135.87,25433.109,1578596399999,3456792.26548,2508,12835.661,1744586.62423,0
1578596400000,135.87,138.00,135.82,137.53,54823.833,1578599999999,7511162.53010,4364,31457.886,4309509.73885,0
1578600000000,137.49,139.33,137.28,137.71,88785.648,1578603599999,12299265.87741,7828,45941.855,6364705.80600,0
1578603600000,137.71,137.84,136.59,136.98,62944.338,1578607199999,8640274.66931,5086,28459.893,3907399.80963,0
1578607200000,136.98,138.07,136.73,137.61,32911.467,1578610799999,4520923.69437,2723,15637.285,2148202.90423,0
1578610800000,137.58,138.45,136.03,137.73,43157.563,1578614399999,5924809.18064,3751,22978.768,3154709.72875,0
1578614400000,137.73,137.99,137.06,137.19,24875.219,1578617999999,3422571.05272,2168,12428.729,1709949.30528,0
1578618000000,137.17,137.43,136.68,136.91,22645.000,1578621599999,3102584.26424,2072,7530.013,1031762.17561,0
1578621600000,136.93,137.19,136.31,136.53,27515.651,1578625199999,3763593.02036,2278,11191.974,1531744.90952,0
1578625200000,136.51,136.95,136.32,136.94,22893.708,1578628799999,3128932.64144,2255,9674.018,1322353.18766,0
1578628800000,136.97,137.07,136.05,136.34,24050.998,1578632399999,3281309.46117,2365,11022.922,1503798.00103,0
1578632400000,136.34,136.41,135.22,135.70,26610.592,1578635999999,3616522.81612,2830,11230.819,1526432.98998,0
1578636000000,135.70,136.75,135.61,136.58,27080.454,1578639599999,3688549.39153,2642,14380.771,1959396.79872,0
1578639600000,136.60,136.71,136.15,136.64,20494.771,1578643199999,2795626.94780,2083,11781.807,1607299.41039,0
1578643200000,136.64,136.66,135.45,136.05,29585.673,1578646799999,4021161.81331,2963,13039.759,1772748.33398,0
1578646800000,136.02,136.39,135.78,136.04,19411.709,1578650399999,2641305.67050,2227,9854.580,1341058.64806,0
1578650400000,136.03,136.78,135.30,136.78,35884.289,1578653999999,4884827.32926,3347,18336.854,2497350.73817,0
1578654000000,136.78,139.00,136.73,138.34,62702.210,1578657599999,8646038.56115,5898,32672.884,4504046.76388,0
1578657600000,138.34,139.78,137.96,139.76,40487.397,1578661199999,5622820.58641,3646,22800.239,3168151.42505,0
1578661200000,139.76,139.99,138.62,138.72,39340.436,1578664799999,5485655.83991,3068,18561.677,2590768.32199,0
1578664800000,138.68,140.16,138.60,140.16,36754.834,1578668399999,5124733.77247,3886,19517.839,2722242.72455,0
1578668400000,140.16,142.99,139.76,142.43,82068.416,1578671999999,11614461.85180,7330,44338.115,6275024.30135,0
1578672000000,142.44,143.61,140.67,141.07,75377.833,1578675599999,10704773.64967,7033,37230.717,5288952.13166,0
1578675600000,141.07,142.00,140.62,141.94,33135.501,1578679199999,4676830.94891,3306,15807.883,2231671.19068,0
1578679200000,141.96,145.15,141.96,142.59,73678.024,1578682799999,10585242.95551,8113,38484.491,5529806.20996,0
1578682800000,142.57,144.70,142.39,143.38,56771.045,1578686399999,8139843.06557,6035,30714.724,4403892.50785,0
1578686400000,143.38,144.03,142.95,143.21,31725.077,1578689999999,4552921.97230,3253,14410.531,2068121.65721,0
1578690000000,143.16,143.88,142.67,142.83,33395.133,1578693599999,4783115.91836,3191,14683.333,2103267.72207,0
1578693600000,142.84,143.06,141.49,142.87,24375.946,1578697199999,3473093.88819,2320,12439.699,1773047.10970,0
1578697200000,142.88,144.98,142.53,144.80,37518.333,1578700799999,5386750.48599,3798,19357.364,2780117.06378,0
1578700800000,144.80,144.82,143.19,143.49,36464.535,1578704399999,5241901.11497,3362,17596.734,2529286.69491,0
1578704400000,143.53,145.29,143.47,144.08,42520.658,1578707999999,6144800.14120,4024,22546.105,3257781.20628,0
1578708000000,144.12,144.48,143.29,143.81,24743.266,1578711599999,3558348.75136,2639,11557.589,1662079.00584,0
1578711600000,143.81,143.84,142.75,143.45,26261.296,1578715199999,3762975.30079,2536,13414.676,1922323.57641,0
1578715200000,143.47,144.01,142.77,143.19,28583.810,1578718799999,4098034.98766,2413,13884.050,1990810.37389,0
1578718800000,143.19,143.21,142.17,142.87,25117.921,1578722399999,3581193.09497,2639,10179.697,1451595.51122,0
1578722400000,142.87,143.59,142.00,142.86,33796.575,1578725999999,4822367.20489,3130,12692.178,1811121.09392,0
1578726000000,142.87,143.73,142.70,142.88,24762.954,1578729599999,3547137.90519,2724,9748.967,1396653.55129,0
1578729600000,142.88,143.38,142.47,142.72,26963.146,1578733199999,3854886.94436,2561,12184.948,1742273.93711,0
1578733200000,142.72,144.00,142.63,143.77,27583.886,1578736799999,3959183.57462,2708,14732.438,2114416.47000,0
1578736800000,143.77,143.82,142.72,142.88,30810.875,1578740399999,4415848.66161,2931,13530.682,1939723.89252,0
1578740400000,142.90,143.22,142.37,142.61,23275.380,1578743999999,3323861.25502,2436,11001.495,1571275.90452,0
1578744000000,142.56,142.92,142.05,142.67,22800.181,1578747599999,3250417.37780,2307,10925.164,1557885.79008,0
1578747600000,142.69,143.65,142.47,143.53,26584.532,1578751199999,3801680.75632,2574,13687.246,1957663.47273,0
1578751200000,143.52,143.72,142.53,142.57,25404.193,1578754799999,3637111.43522,2801,12372.281,1772125.06188,0
1578754800000,142.57,143.56,142.35,143.40,27882.130,1578758399999,3982749.80193,2704,11199.787,1600971.37148,0
1578758400000,143.40,146.80,142.54,146.29,64991.765,1578761999999,9419835.86388,7416,37689.915,5463840.29570,0
1578762000000,146.34,148.03,145.75,146.54,54131.247,1578765599999,7949976.82279,5915,26093.509,3834291.86715,0
1578765600000,146.58,147.09,145.75,146.59,37179.130,1578769199999,5443877.58601,3734,16513.977,2418714.25545,0
1578769200000,146.64,147.07,145.80,146.29,22569.492,1578772799999,3306397.55939,2831,10266.861,1504407.67720,0
1578772800000,146.25,147.11,145.13,145.87,34663.193,1578776399999,5063755.75007,3408,15354.453,2243914.12263,0
1578776400000,145.88,147.81,143.00,143.78,77296.368,1578779999999,11251132.12636,7519,40287.984,5872430.68084,0
1578780000000,143.82,144.25,142.15,143.31,50990.598,1578783599999,7303854.97992,5354,23253.593,3332256.55980,0
1578783600000,143.31,143.44,142.35,142.40,36786.073,1578787199999,5255864.63799,3111,20034.454,2861998.98553,0
1578787200000,142.40,143.69,141.71,143.29,37789.611,1578790799999,5391406.07239,3501,18841.954,2690128.58289,0
1578790800000,143.25,144.00,142.90,143.25,29986.567,1578794399999,4303147.30729,2733,16590.605,2380759.16477,0
1578794400000,143.25,144.48,143.05,144.09,25873.899,1578797999999,3723291.98878,2472,13403.607,1928962.03165,0
1578798000000,144.09,144.51,143.52,143.98,23110.316,1578801599999,3327394.15740,2317,15175.300,2184932.81011,0
1578801600000,143.99,144.20,143.37,143.57,20124.339,1578805199999,2895511.79621,1952,9990.293,1437442.19521,0
1578805200000,143.61,144.16,143.50,144.11,16958.376,1578808799999,2439592.39833,1875,8807.151,1267127.54287,0
1578808800000,144.11,145.89,144.08,144.28,38597.070,1578812399999,5598377.55387,3936,20401.289,2959433.75786,0
1578812400000,144.25,144.97,144.24,144.54,24287.639,1578815999999,3512237.85328,2490,13839.931,2001261.41593,0
1578816000000,144.54,145.42,144.51,144.86,26714.638,1578819599999,3871579.33044,2767,14062.166,2037705.27648,0
1578819600000,144.86,145.08,144.11,144.42,26389.035,1578823199999,3815895.64801,2586,12835.702,1856334.80796,0
1578823200000,144.42,144.44,143.21,143.53,29642.265,1578826799999,4261538.77085,3073,15257.569,2193421.19078,0
1578826800000,143.55,143.81,143.30,143.42,20853.376,1578830399999,2993940.94504,2002,12157.069,1745471.79736,0
1578830400000,143.45,144.24,143.41,143.72,25724.812,1578833999999,3697251.25766,2614,13254.815,1905025.09009,0
1578834000000,143.73,145.28,143.37,145.12,34912.756,1578837599999,5032883.96780,3048,18307.506,2638973.71447,0
1578837600000,145.12,145.42,143.68,144.24,34281.482,1578841199999,4954203.12694,3071,15570.583,2250275.13627,0
1578841200000,144.20,145.19,144.14,144.99,23539.613,1578844799999,3404646.98428,2328,14929.260,2159195.16937,0
1578844800000,144.99,145.56,143.77,143.95,29735.722,1578848399999,4295604.98635,3021,13284.966,1919614.08296,0
1578848400000,143.94,145.68,143.60,144.20,36849.365,1578851999999,5327245.11960,4881,19944.573,2884348.95695,0
1578852000000,144.22,144.81,144.22,144.64,18408.302,1578855599999,2661471.60210,1944,9020.352,1304308.64224,0
1578855600000,144.64,145.01,144.26,144.46,21197.972,1578859199999,3066347.22741,2132,10863.311,1571478.84640,0
1578859200000,144.42,144.96,144.42,144.69,19083.499,1578862799999,2762011.60973,2037,9222.108,1334852.11948,0
1578862800000,144.74,144.86,144.30,144.41,16076.345,1578866399999,2325754.29881,1713,6627.642,959147.33839,0
1578866400000,144.38,145.48,144.34,145.38,21184.650,1578869999999,3070695.98124,2235,9959.687,1444152.01293,0
1578870000000,145.39,146.60,144.72,146.57,28935.262,1578873599999,4209128.26487,2933,16736.600,2435926.54045,0
1578873600000,146.57,147.00,144.69,145.03,38734.122,1578877199999,5649775.43372,3951,18788.371,2742927.65670,0
1578877200000,145.03,145.47,144.93,145.39,16723.797,1578880799999,2426938.84266,1869,8827.277,1281224.93198,0
1578880800000,145.36,145.50,142.53,142.92,36773.036,1578884399999,5304367.44652,3545,15487.417,2235077.71415,0
1578884400000,142.97,143.87,142.65,143.44,24430.684,1578887999999,3500034.57678,2560,12171.858,1743724.64473,0
1578888000000,143.44,144.07,143.05,143.87,17707.486,1578891599999,2542228.68348,1892,10009.400,1437328.31195,0
1578891600000,143.87,143.91,143.12,143.41,15999.842,1578895199999,2296209.19054,1759,9213.147,1322286.52141,0
1578895200000,143.41,143.79,142.38,142.48,21451.829,1578898799999,3072383.45632,2281,10109.408,1448991.77348,0
1578898800000,142.44,143.26,142.32,142.89,20220.593,1578902399999,2889098.50300,2220,11946.428,1706858.03833,0
1578902400000,142.90,143.67,142.59,143.66,22972.021,1578905999999,3289491.80304,2357,12050.226,1725293.01746,0
1578906000000,143.64,143.69,142.94,143.33,19716.376,1578909599999,2824408.37933,2061,11411.314,1634753.04745,0
1578909600000,143.33,144.28,143.00,143.98,30701.329,1578913199999,4408779.33869,3079,16780.233,2409633.35132,0
1578913200000,143.99,144.12,142.81,142.81,27405.299,1578916799999,3933218.67334,2500,13189.666,1893061.62233,0
1578916800000,142.80,143.28,142.50,143.13,35394.931,1578920399999,5058803.00808,3019,16506.894,2359496.69987,0
1578920400000,143.13,143.76,142.76,142.89,21051.020,1578923999999,3015886.95149,2257,10438.331,1495317.29561,0
1578924000000,142.89,143.11,142.57,142.87,20567.865,1578927599999,2938066.56074,1985,7070.727,1010131.30892,0
1578927600000,142.87,143.16,142.73,142.81,16411.209,1578931199999,2346295.55579,1683,6344.993,907253.39383,0
1578931200000,142.81,143.46,142.52,143.38,23337.157,1578934799999,3337261.57922,2347,12503.986,1788383.89277,0
1578934800000,143.43,143.96,142.95,143.06,27441.339,1578938399999,3935636.56104,2385,12302.621,1764724.46083,0
1578938400000,143.06,143.33,142.89,143.28,16503.087,1578941999999,2362192.35474,1653,6580.838,941930.53531,0
1578942000000,143.29,143.67,143.05,143.43,14522.385,1578945599999,2081968.64101,1606,7451.228,1068321.04833,0
1578945600000,143.48,144.60,143.38,144.41,33724.583,1578949199999,4857975.93934,2632,20151.224,2904899.23147,0
1578949200000,144.43,144.65,143.81,144.27,21649.891,1578952799999,3123660.34332,2075,12255.915,1768307.71102,0
1578952800000,144.27,144.31,143.83,143.87,17462.378,1578956399999,2516661.77222,1669,7294.073,1051358.22532,0
1578956400000,143.86,144.27,143.45,143.58,17753.413,1578959999999,2555401.99937,1793,10555.882,1519786.20329,0
1578960000000,143.57,145.89,143.49,145.32,53568.968,1578963599999,7770056.34794,4675,28436.873,4123443.37931,0
1578963600000,145.38,148.57,145.38,147.48,115310.960,1578967199999,16957433.19058,9636,62777.553,9232121.66642,0
1578967200000,147.42,147.58,146.52,147.25,38577.952,1578970799999,5672089.61261,3079,20089.402,2953634.59452,0
1578970800000,147.25,149.41,146.88,148.95,38132.953,1578974399999,5643217.73069,3791,19433.937,2876777.03641,0
1578974400000,148.95,150.78,148.95,149.15,72826.921,1578977999999,10900123.77499,6389,34406.163,5151726.39354,0
1578978000000,149.15,149.37,148.14,148.49,35508.827,1578981599999,5283127.08587,3057,16720.382,2488356.10263,0
1578981600000,148.49,149.12,148.09,149.04,25154.791,1578985199999,3739586.04809,2284,13003.384,1932729.68880,0
1578985200000,149.02,149.65,148.74,149.09,26163.327,1578988799999,3901531.67044,2465,11648.224,1737316.62509,0
1578988800000,149.07,149.68,149.00,149.38,27862.433,1578992399999,4161622.41775,2103,12454.062,1860598.28476,0
1578992400000,149.37,151.82,149.37,149.85,60590.084,1578995999999,9123718.43256,5101,32576.119,4906706.84914,0
1578996000000,149.90,150.63,149.50,150.52,32824.543,1578999599999,4924113.37698,3109,15435.729,2316316.75765,0
1578999600000,150.52,151.58,150.21,151.58,36979.992,1579003199999,5581448.60047,3196,20457.857,3089825.56691,0
1579003200000,151.57,153.40,150.81,151.18,102188.959,1579006799999,15528567.41166,8915,49830.394,7575282.44133,0
1579006800000,151.17,154.23,151.13,154.10,55355.511,1579010399999,8445162.63110,4856,32426.043,4947061.47436,0
1579010400000,154.13,157.59,153.12,155.96,155233.750,1579013999999,24170678.96656,13778,78208.444,12177151.34238,0
1579014000000,155.91,157.80,153.91,156.08,103643.315,1579017599999,16162835.03793,9004,53188.909,8296354.36233,0
1579017600000,156.08,159.55,153.18,159.55,140204.483,1579021199999,21764111.92868,13756,74171.220,11524688.40611,0
1579021200000,159.57,166.27,158.83,164.13,274718.344,1579024799999,44563648.48999,24748,136813.100,22189655.72331,0
1579024800000,164.14,171.00,162.00,165.84,297350.131,1579028399999,49311476.38015,28601,147539.055,24467045.05305,0
1579028400000,165.81,166.74,162.42,165.63,121910.475,1579031999999,20059954.32221,12181,59691.411,9824113.13369,0
1579032000000,165.56,165.62,163.16,163.63,73755.944,1579035599999,12105577.21530,7696,35200.809,5776474.16642,0
1579035600000,163.59,165.42,160.48,164.22,102942.341,1579039199999,16790941.63911,11388,49014.221,7995310.25798,0
1579039200000,164.26,166.47,164.02,164.09,52365.162,1579042799999,8643419.49467,5053,25230.335,4163594.35320,0
1579042800000,164.07,168.18,163.92,165.77,126389.248,1579046399999,20982894.13898,11857,64954.587,10785829.67562,0
1579046400000,165.75,172.18,163.56,169.25,211932.507,1579049999999,35663554.10217,22559,103890.992,17496848.71588,0
1579050000000,169.22,170.09,166.00,167.44,134442.490,1579053599999,22553477.46914,13709,62859.385,10547632.72398,0
1579053600000,167.46,168.26,166.84,167.17,43178.791,1579057199999,7232485.83140,4538,19115.371,3202600.51503,0
1579057200000,167.17,167.30,162.81,162.81,61449.741,1579060799999,10126935.28274,6718,26222.124,4318859.04613,0
1579060800000,162.80,163.60,160.42,160.69,87052.473,1579064399999,14092934.20761,10095,41758.012,6762330.09733,0
1579064400000,160.71,161.81,159.35,161.12,57202.625,1579067999999,9198178.50170,6937,27520.037,4426715.72186,0
1579068000000,161.08,163.90,160.99,163.32,45115.277,1579071599999,7342072.43232,6017,17553.065,2853712.07245,0
1579071600000,163.28,163.48,161.41,161.64,34520.471,1579075199999,5595275.59586,4949,13036.261,2112788.73060,0
1579075200000,161.63,162.90,161.10,162.08,25016.395,1579078799999,4057321.71751,3816,10275.417,1666622.07981,0
1579078800000,162.08,165.80,162.08,165.47,34704.832,1579082399999,5689753.81157,4690,17807.972,2920142.06866,0
1579082400000,165.48,167.90,164.45,167.41,63488.838,1579085999999,10559098.87538,6993,31638.620,5264972.70744,0
1579086000000,167.41,167.81,164.39,164.73,42808.508,1579089599999,7107699.50438,4549,17425.727,2892869.96591,0
1579089600000,164.74,166.95,164.39,165.83,31389.248,1579093199999,5212655.17790,4139,14893.172,2473177.24462,0
1579093200000,165.84,169.14,165.83,168.55,50531.710,1579096799999,8461241.57004,6011,26315.341,4407935.77283,0
1579096800000,168.54,168.88,163.26,165.90,113590.689,1579100399999,18852584.22151,11741,53030.921,8802980.83216,0
1579100400000,165.94,166.00,162.15,162.62,61022.714,1579103999999,10013934.59592,7547,28863.060,4735329.80064,0
1579104000000,162.58,165.21,160.77,164.23,72469.850,1579107599999,11853917.91031,9163,32627.270,5338536.79197,0
1579107600000,164.30,165.36,162.84,165.09,32035.810,1579111199999,5253454.83405,4707,16769.479,2751087.74190,0
1579111200000,165.08,165.30,163.41,163.72,29120.571,1579114799999,4782240.87843,3844,14000.211,2299508.01567,0
1579114800000,163.79,165.00,163.76,164.73,26874.428,1579118399999,4417261.62175,2950,15341.014,2521955.04875,0
1579118400000,164.75,167.02,163.98,166.42,35372.526,1579121999999,5852354.37868,3968,19422.688,3215179.48841,0
1579122000000,166.47,166.99,164.14,165.51,37840.717,1579125599999,6268324.45330,3911,18504.497,3065371.36120,0
1579125600000,165.46,167.10,164.84,166.84,16499.419,1579129199999,2734889.61635,2167,8668.691,1436787.99238,0
1579129200000,166.89,167.54,164.90,166.60,44338.649,1579132799999,7365070.08755,6037,21802.961,3622692.55206,0
1579132800000,166.61,167.63,162.56,164.08,56078.703,1579136399999,9238126.67727,7512,27572.245,4544662.33676,0
1579136400000,164.08,164.44,158.43,160.62,66975.921,1579139999999,10773125.06144,9692,26638.386,4286519.00424,0
1579140000000,160.68,161.96,159.59,160.49,36541.098,1579143599999,5885878.00694,5068,18796.338,3028180.34256,0
1579143600000,160.46,160.86,158.88,160.15,31028.440,1579147199999,4966660.60779,4124,13689.605,2192189.43872,0
1579147200000,160.11,161.31,159.49,160.54,24867.925,1579150799999,3992140.92286,3037,12002.518,1926791.12765,0
1579150800000,160.54,162.59,160.49,162.10,18006.112,1579154399999,2910161.93697,2577,6850.285,1107088.31130,0
1579154400000,162.06,162.80,161.52,162.44,19462.110,1579157999999,3155609.19022,2363,8177.799,1326361.46864,0
1579158000000,162.34,162.34,160.70,161.16,21092.323,1579161599999,3403835.56633,2769,8341.347,1346285.24341,0
1579161600000,161.20,162.18,160.50,161.47,18928.229,1579165199999,3055365.65579,2548,7620.531,1230210.78069,0
1579165200000,161.46,161.50,159.82,161.36,22484.375,1579168799999,3612964.67115,2702,9749.043,1566706.49573,0
1579168800000,161.37,162.67,160.41,162.63,33673.034,1579172399999,5443584.59883,3719,19456.232,3146378.73085,0
1579172400000,162.67,164.28,161.66,164.28,31027.846,1579175999999,5057927.98244,4469,16171.900,2636233.00073,0
1579176000000,164.23,165.92,162.37,162.69,51165.627,1579179599999,8407269.13784,5640,23373.595,3843522.74376,0
1579179600000,162.74,163.05,161.18,161.88,40094.751,1579183199999,6490698.29328,4602,19230.570,3114144.58439,0
1579183200000,161.85,162.46,160.37,162.46,36416.989,1579186799999,5879247.50738,3801,16510.051,2666894.92901,0
1579186800000,162.40,163.49,162.38,162.72,35189.063,1579190399999,5733013.09854,3477,19848.069,3233985.80787,0
1579190400000,162.66,163.70,160.82,162.13,41294.480,1579193999999,6691173.58826,4542,16934.179,2745063.97171,0
1579194000000,162.13,164.47,161.79,163.50,43847.305,1579197599999,7164537.33925,4709,19425.939,3174199.72679,0
1579197600000,163.51,164.31,162.68,163.50,26612.196,1579201199999,4351895.65520,3365,13339.230,2182244.22029,0
1579201200000,163.50,164.18,163.45,163.65,18224.576,1579204799999,2985000.16795,2388,9532.989,1561679.31044,0
1579204800000,163.70,165.88,163.61,165.67,26308.431,1579208399999,4328805.17531,3162,15307.665,2518123.20644,0
1579208400000,165.68,166.00,162.48,163.55,39421.945,1579211999999,6470113.98475,4740,17007.981,2792624.37145,0
1579212000000,163.54,164.57,162.92,164.25,18351.158,1579215599999,3006700.99348,2327,11278.351,1848126.31439,0
1579215600000,164.26,165.20,163.50,164.37,27106.837,1579219199999,4457178.61711,2777,14231.755,2340315.09379,0
1579219200000,164.39,165.42,162.27,163.87,32613.208,1579222799999,5338783.60013,4242,14750.292,2416480.59850,0
1579222800000,163.89,165.22,163.52,165.04,23058.268,1579226399999,3785942.20130,2792,12845.962,2109573.61158,0
1579226400000,165.14,167.35,164.71,165.88,35059.978,1579229999999,5815835.50541,4496,18280.097,3032262.72023,0
1579230000000,165.87,167.49,164.95,165.20,60899.530,1579233599999,10132538.04587,5335,27429.159,4567186.81644,0
1579233600000,165.24,166.88,164.92,166.80,25808.996,1579237199999,4278504.37733,3204,13488.650,2237008.26469,0
1579237200000,166.78,170.54,166.12,170.08,59177.454,1579240799999,9981238.60486,7239,32062.982,5407474.92636,0
1579240800000,170.10,171.57,167.68,168.19,65579.874,1579244399999,11131119.36660,9447,29245.310,4969424.68462,0
1579244400000,168.19,171.55,167.68,171.23,53154.096,1579247999999,9028249.20029,6213,24674.653,4192945.38936,0
1579248000000,171.15,174.79,169.93,171.80,70307.507,1579251599999,12110280.89479,10573,36180.285,6234555.66371,0
1579251600000,171.77,173.41,171.21,172.19,31794.610,1579255199999,5476700.79217,4337,17500.377,3015046.58862,0
1579255200000,172.23,172.80,169.88,170.93,43968.165,1579258799999,7519501.31093,7266,19383.992,3315136.09656,0
1579258800000,170.91,171.30,170.00,170.10,24072.000,1579262399999,4109188.39903,3288,11073.437,1890842.50387,0
1579262400000,170.11,170.40,167.37,168.24,43871.940,1579265999999,7407336.70719,6105,18280.766,3085642.09636,0
1579266000000,168.23,169.70,168.11,168.75,24275.982,1579269599999,4096118.54874,3427,12462.729,2102815.38716,0
1579269600000,168.73,168.79,165.23,166.38,43479.267,1579273199999,7253244.92050,5700,18626.964,3109165.84052,0
1579273200000,166.42,168.80,166.15,168.50,26023.860,1579276799999,4360041.46880,3452,15310.294,2564299.51360,0
1579276800000,168.49,171.61,167.79,170.09,45456.864,1579280399999,7731046.01583,7565,20902.426,3556087.51732,0
1579280400000,170.21,171.71,169.53,170.47,35343.001,1579283999999,6033869.99368,4313,15176.225,2591401.27311,0
1579284000000,170.47,173.50,170.39,172.60,37667.064,1579287599999,6474385.56911,5924,20756.629,3569573.83539,0
1579287600000,172.58,173.90,167.26,169.43,65812.138,1579291199999,11230830.60567,10022,30255.918,5167620.57054,0
1579291200000,169.44,170.83,168.61,169.23,33224.157,1579294799999,5637016.79050,6310,17267.140,2930407.00938,0
1579294800000,169.27,171.66,169.18,171.53,20304.867,1579298399999,3458642.17509,3310,11887.612,2025454.95197,0
1579298400000,171.52,173.56,170.87,171.95,26112.540,1579301999999,4498061.27788,3839,11189.373,1926400.88893,0
1579302000000,172.01,172.73,170.00,170.06,19641.982,1579305599999,3371271.42674,3835,8298.267,1425563.65686,0
1579305600000,170.06,174.00,169.22,173.40,36123.048,1579309199999,6217435.38926,6095,19542.273,3367383.98692,0
1579309200000,173.32,173.88,171.30,172.75,28548.286,1579312799999,4922815.04050,4154,10954.002,1890298.93207,0
1579312800000,172.78,173.04,170.64,171.28,16885.187,1579316399999,2896702.03212,2952,5717.919,981797.62730,0
1579316400000,171.34,172.51,170.66,172.09,15060.919,1579319999999,2588128.88204,2651,7019.120,1206748.93009,0
1579320000000,172.06,172.06,168.07,168.76,29665.691,1579323599999,5040996.01201,4365,11649.563,1978555.00087,0
1579323600000,168.75,169.79,167.17,168.24,26868.008,1579327199999,4519122.70734,4353,11183.768,1881711.18445,0
1579327200000,168.25,168.40,165.08,168.08,25224.241,1579330799999,4215662.65279,4670,10322.263,1726434.54779,0
1579330800000,168.12,169.26,167.00,168.19,22236.940,1579334399999,3748682.57320,3439,10348.210,1743936.98773,0
1579334400000,168.28,169.07,167.38,168.63,22810.479,1579337999999,3839200.16699,3313,10588.364,1782413.34083,0
1579338000000,168.63,170.34,168.26,169.45,19851.206,1579341599999,3365526.56946,3830,9558.088,1621093.42800,0
1579341600000,169.46,170.18,168.88,169.15,12307.676,1579345199999,2088192.47303,2875,5331.325,905028.99164,0
1579345200000,169.15,169.33,168.02,169.27,16245.803,1579348799999,2741606.19384,3449,6631.156,1119581.66699,0
1579348800000,169.23,171.43,169.02,171.17,19381.005,1579352399999,3299365.02071,3927,9138.274,1555975.40762,0
1579352400000,171.17,176.27,170.22,174.27,92071.633,1579355999999,16026446.90839,11345,45337.370,7886054.50037,0
1579356000000,174.24,179.57,174.24,177.39,112155.573,1579359599999,19905720.01225,14083,61145.070,10844996.03168,0
1579359600000,177.41,178.63,173.77,175.68,87800.090,1579363199999,15447985.05439,11578,44249.916,7787823.25327,0
1579363200000,175.67,177.82,172.82,174.18,80780.570,1579366799999,14160239.99983,12772,39271.910,6884937.09082,0
1579366800000,174.11,175.49,173.31,175.01,21477.686,1579370399999,3746984.82223,4329,10076.141,1757434.92490,0
1579370400000,175.10,175.43,173.11,174.05,23745.083,1579373999999,4137233.26812,4838,10173.597,1772616.20636,0
1579374000000,174.13,175.38,173.73,175.16,18166.919,1579377599999,3174188.05145,3060,7951.458,1389325.80805,0
1579377600000,175.16,176.00,174.65,175.76,19036.497,1579381199999,3340226.20335,3186,8476.948,1487580.99029,0
1579381200000,175.77,177.20,175.67,176.79,23936.675,1579384799999,4223919.70681,3144,13847.625,2443942.96542,0
1579384800000,176.80,177.30,175.99,177.18,8635.304,1579388399999,1527124.61473,1826,4887.933,864484.03561,0
1579388400000,177.17,177.27,174.10,174.43,40429.838,1579391999999,7088844.32684,6280,17105.545,2999716.01634,0
1579392000000,174.37,176.67,173.61,176.51,31888.618,1579395599999,5584500.57083,5087,18505.158,3240499.47240,0
1579395600000,176.50,178.42,174.20,175.50,63490.581,1579399199999,11229989.91815,9498,29045.826,5143437.93435,0
1579399200000,175.46,176.88,174.73,176.53,23670.330,1579402799999,4165950.29421,3362,13589.666,2393191.57369,0
1579402800000,176.57,177.90,176.19,176.40,19252.744,1579406399999,3407853.59343,3396,10717.525,1897769.70101,0
1579406400000,176.38,176.61,175.72,176.05,14991.290,1579409999999,2642115.86066,2772,7010.358,1235829.77748,0
1579410000000,176.02,176.77,175.26,176.23,13111.331,1579413599999,2308717.11336,2736,5897.530,1038557.12641,0
1579413600000,176.23,176.86,174.72,175.45,15870.655,1579417199999,2792319.38413,3262,7734.778,1362519.83850,0
1579417200000,175.43,177.06,174.65,176.73,17532.937,1579420799999,3086483.10022,3653,10290.913,1812595.61038,0
1579420800000,176.70,177.07,176.10,176.66,17298.994,1579424399999,3055321.29406,2748,7040.989,1243835.18191,0
1579424400000,176.67,177.56,175.02,175.75,23484.372,1579427999999,4141038.67644,3903,11968.375,2111149.01297,0
1579428000000,175.73,176.00,174.38,174.49,18715.055,1579431599999,3280310.47191,3081,6303.392,1105743.79213,0
1579431600000,174.58,174.60,164.33,166.87,192448.159,1579435199999,32283122.87881,22938,86030.819,14406649.74638,0
1579435200000,166.80,166.80,162.54,165.51,50730.404,1579438799999,8359308.48508,9558,26087.621,4299893.00134,0
1579438800000,165.54,165.54,161.81,164.57,35614.038,1579442399999,5836930.57253,6564,15985.675,2621289.37596,0
1579442400000,164.57,166.11,164.14,164.63,25627.761,1579445999999,4232745.14860,4200,11831.128,1954711.32096,0
1579446000000,164.62,165.57,163.66,164.96,22414.468,1579449599999,3694297.63501,4110,8967.948,1478256.01085,0
1579449600000,164.96,166.40,164.36,165.38,21069.693,1579453199999,3490330.11061,4030,9716.616,1609548.70083,0
1579453200000,165.35,165.77,164.86,165.37,17655.637,1579456799999,2918634.70790,2751,6871.183,1135631.98449,0
1579456800000,165.37,165.43,164.07,164.54,18220.542,1579460399999,3001188.98446,2779,7332.390,1208680.17086,0
1579460400000,164.51,165.47,164.08,165.16,11486.669,1579463999999,1892094.70291,2529,3452.506,568663.68281,0
1579464000000,165.11,165.33,164.30,164.68,13998.472,1579467599999,2306090.95253,2431,4418.682,728352.79971,0
1579467600000,164.75,166.39,164.39,166.14,23795.654,1579471199999,3943523.47634,3532,9923.294,1644683.02275,0
1579471200000,166.08,167.31,163.63,166.35,33993.451,1579474799999,5630076.14302,10856,14936.713,2475862.38490,0
1579474800000,166.33,167.78,165.87,167.04,16009.964,1579478399999,2673577.64820,3957,7044.460,1177043.21781,0
1579478400000,167.04,167.90,165.29,165.97,27384.107,1579481999999,4559969.32665,4915,10326.657,1720097.53207,0
1579482000000,165.95,166.67,165.36,165.65,15853.677,1579485599999,2633383.84872,3012,5688.641,944946.51085,0
1579485600000,165.66,166.15,165.31,165.73,9702.857,1579489199999,1608622.72259,2347,3243.941,538037.97297,0
1579489200000,165.72,165.98,165.45,165.85,8361.073,1579492799999,1385220.93514,1772,1360.553,225534.97558,0
1579492800000,165.96,166.59,164.50,165.01,14226.334,1579496399999,2352743.85836,3126,4009.079,663025.07419,0
1579496400000,164.98,166.00,164.95,165.89,10636.972,1579499999999,1760787.67780,2472,3205.601,530705.93519,0
1579500000000,165.91,166.45,165.76,166.04,6854.832,1579503599999,1138219.75816,1254,3314.944,550411.33043,0
1579503600000,166.06,166.65,165.35,165.80,10217.814,1579507199999,1696024.93258,1640,5692.523,944934.30036,0
1579507200000,165.81,166.40,164.49,165.53,12998.661,1579510799999,2150009.89389,2296,4972.674,823419.04888,0
1579510800000,165.51,165.86,164.47,164.89,11739.517,1579514399999,1939090.89048,1794,5452.727,901006.81970,0
1579514400000,164.94,165.53,164.81,165.15,7491.532,1579517999999,1237342.02086,1330,4410.022,728404.85107,0
1579518000000,165.15,165.41,162.53,163.24,20389.175,1579521599999,3339489.08578,3022,7569.044,1239807.31005,0
1579521600000,163.30,164.34,162.14,162.80,30115.945,1579525199999,4916192.14552,5528,14658.214,2393712.76344,0
1579525200000,162.76,165.31,161.50,164.24,43301.611,1579528799999,7061334.25504,5950,20238.650,3302290.82759,0
1579528800000,164.28,166.94,163.99,166.31,25852.424,1579532399999,4277354.97045,3867,14653.548,2424628.20371,0
1579532400000,166.40,167.23,165.75,167.03,20735.253,1579535999999,3449540.79773,2849,9986.638,1661901.18995,0
1579536000000,166.98,167.97,166.17,167.02,22878.004,1579539599999,3819754.65513,2763,10870.403,1815429.07142,0
1579539600000,167.09,167.27,166.36,166.47,11961.431,1579543199999,1995814.69997,1409,6794.187,1133723.80272,0
1579543200000,166.47,167.08,166.36,166.76,7775.178,1579546799999,1296185.38607,1102,3760.508,626869.53132,0
1579546800000,166.76,167.96,166.70,167.75,9314.944,1579550399999,1557973.19074,1231,6262.299,1047282.10996,0
1579550400000,167.75,167.95,166.99,167.44,7530.690,1579553999999,1260837.35127,933,3612.325,604902.70291,0
1579554000000,167.42,167.43,167.08,167.42,3699.013,1579557599999,618781.83224,534,1190.262,199127.10372,0
1579557600000,167.42,169.48,167.26,167.64,29083.298,1579561199999,4896304.08378,3136,16760.113,2820547.29657,0
1579561200000,167.68,168.19,166.86,167.03,21951.527,1579564799999,3673723.68739,2604,9853.233,1649714.75910,0
1579564800000,167.01,167.34,165.73,166.51,20257.694,1579568399999,3373904.08097,2847,9545.923,1589920.02290,0
1579568400000,166.60,167.28,166.48,167.25,4371.641,1579571999999,729629.86018,876,2164.748,361290.08208,0
1579572000000,167.26,167.80,167.05,167.50,6834.152,1579575599999,1144639.00521,973,3346.903,560699.38140,0
1579575600000,167.53,168.50,167.41,168.46,8282.521,1579579199999,1391015.12698,1066,4485.599,753503.53621,0
1579579200000,168.42,168.90,167.90,168.03,14029.034,1579582799999,2364231.85398,1606,7606.479,1281836.56408,0
1579582800000,167.98,168.06,166.83,167.38,12437.422,1579586399999,2083214.49379,1664,5753.502,963912.46839,0
1579586400000,167.37,167.85,166.91,167.45,7552.767,1579589999999,1263466.63819,1277,4330.994,724412.83435,0
1579590000000,167.39,167.51,166.41,166.75,8030.138,1579593599999,1339404.89445,1273,4449.257,741856.45575,0
1579593600000,166.73,167.47,166.06,167.26,11914.634,1579597199999,1986753.46154,1904,6566.169,1095071.07764,0
1579597200000,167.26,168.30,166.78,166.97,7626.593,1579600799999,1276869.64081,1565,3545.231,593687.09590,0
1579600800000,166.92,168.27,166.65,168.15,14059.243,1579604399999,2356113.66633,2156,6501.490,1089795.59394,0
1579604400000,168.15,168.81,167.58,168.13,11573.700,1579607999999,1948166.74588,2094,5140.124,865343.73507,0
1579608000000,168.12,168.72,167.50,168.27,9037.955,1579611599999,1518855.18662,1553,4493.606,755252.74587,0
1579611600000,168.27,169.40,168.07,169.00,13055.800,1579615199999,2204746.22095,1719,7951.702,1343060.32400,0
1579615200000,169.04,169.10,168.27,168.39,9541.146,1579618799999,1608752.46237,1215,4894.005,825305.34522,0
1579618800000,168.42,169.23,168.04,168.27,10911.305,1579622399999,1840368.98783,1354,5342.707,901493.42326,0
1579622400000,168.30,168.63,166.90,167.93,21787.317,1579625999999,3657574.55185,2727,11536.936,1936815.27925,0
1579626000000,167.84,168.19,167.39,167.85,8150.602,1579629599999,1367308.67675,1216,3815.365,640184.54943,0
1579629600000,167.89,168.00,166.50,167.25,12137.375,1579633199999,2028106.15396,1486,4107.485,686284.24378,0
1579633200000,167.27,167.67,165.02,165.25,37514.844,1579636799999,6227783.78799,4906,14914.811,2477355.78456,0
1579636800000,165.31,168.72,165.27,168.43,51522.211,1579640399999,8644140.41279,6326,24231.203,4064063.34733,0
1579640400000,168.41,170.34,168.41,169.30,33856.636,1579643999999,5739290.60494,4483,18659.295,3163368.95844,0
1579644000000,169.25,169.59,168.32,169.42,7696.922,1579647599999,1300816.53845,1255,3172.640,536329.01301,0
1579647600000,169.42,169.99,168.94,169.52,9384.347,1579651199999,1591749.93288,1176,4278.218,725920.51672,0
1579651200000,169.62,170.18,169.47,169.85,9135.495,1579654799999,1552075.61958,1339,4742.356,805731.44886,0
1579654800000,169.89,169.91,168.95,169.25,8139.457,1579658399999,1378420.89300,1304,3345.017,566663.14054,0
1579658400000,169.23,169.50,167.99,168.71,10223.934,1579661999999,1725104.21285,1751,3514.959,592829.08061,0
1579662000000,168.72,169.49,168.38,168.77,8590.111,1579665599999,1451557.22561,1523,4803.279,811452.09182,0
1579665600000,168.80,169.70,168.77,169.53,7659.856,1579669199999,1296759.25954,962,4999.079,846686.54888,0
1579669200000,169.53,169.60,168.98,169.06,7896.314,1579672799999,1336359.71091,1058,3866.537,654321.20661,0
1579672800000,169.07,170.08,169.02,169.91,8646.480,1579676399999,1465809.91679,1317,5634.186,955326.50017,0
1579676400000,169.99,171.61,169.05,169.38,46983.235,1579679999999,8004250.07980,5936,23755.414,4049292.24893,0
1579680000000,169.40,169.69,167.09,168.63,38660.474,1579683599999,6524472.86924,4857,16056.195,2710987.20516,0
1579683600000,168.65,169.32,168.00,169.11,9977.514,1579687199999,1683335.11160,1799,5805.966,979921.67544,0
1579687200000,169.13,169.15,168.23,168.50,9776.234,1579690799999,1648517.64985,1335,4309.023,726696.76106,0
1579690800000,168.50,168.64,167.13,168.14,16388.285,1579694399999,2752406.29380,2166,6514.977,1094705.54417,0
1579694400000,168.14,168.38,167.61,168.11,10072.834,1579697999999,1692342.10477,1491,5438.345,913763.66523,0
1579698000000,168.10,168.11,166.12,166.55,28173.113,1579701599999,4701632.76774,3407,13265.858,2213571.17669,0
1579701600000,166.60,167.55,166.25,166.96,18969.723,1579705199999,3168022.77298,2029,9199.376,1536594.24887,0
1579705200000,166.97,167.98,166.88,167.59,13032.091,1579708799999,2183013.44629,1704,5523.853,925028.18479,0
1579708800000,167.59,169.20,166.71,168.53,26650.314,1579712399999,4475451.47107,4083,14321.392,2405761.02838,0
1579712400000,168.48,168.98,167.70,168.42,10546.633,1579715999999,1774622.52059,1681,4803.883,808454.80316,0
1579716000000,168.48,168.48,167.67,168.14,7618.228,1579719599999,1281259.65761,1235,3223.847,542285.85452,0
1579719600000,168.09,168.43,167.42,168.16,10276.518,1579723199999,1725916.15642,1432,6504.459,1092510.90526,0
1579723200000,168.14,168.34,167.64,168.23,9261.591,1579726799999,1555996.59194,1285,4359.652,732415.28115,0
1579726800000,168.29,168.36,167.85,168.09,7184.140,1579730399999,1207610.63517,958,3531.652,593841.62488,0
1579730400000,168.04,168.18,167.59,167.70,5461.484,1579733999999,916877.52605,813,2823.954,474197.22272,0
1579734000000,167.69,168.34,167.58,168.19,5054.116,1579737599999,848781.07184,872,2728.615,458455.63455,0
1579737600000,168.24,168.38,166.91,167.36,12403.233,1579741199999,2076952.20002,1915,5407.378,905647.52530,0
1579741200000,167.39,167.60,165.00,165.08,34268.662,1579744799999,5682294.47786,4919,12734.794,2112278.27294,0
1579744800000,165.07,166.13,164.36,166.07,20113.828,1579748399999,3325877.98799,3044,10813.826,1789725.31801,0
1579748400000,166.07,166.24,165.55,165.63,10527.175,1579751999999,1746658.17989,1499,3865.693,641425.19592,0
1579752000000,165.61,165.67,164.38,164.85,15525.270,1579755599999,2563664.29375,2028,7188.907,1187159.67568,0
1579755600000,164.86,164.92,162.89,164.12,29580.940,1579759199999,4847555.83439,3557,13870.656,2274526.69885,0
1579759200000,164.11,164.37,163.39,164.07,15702.692,1579762799999,2573688.13926,2038,6962.400,1140927.52128,0
1579762800000,164.02,165.46,163.48,165.05,25969.935,1579766399999,4278536.27550,3684,16016.027,2639677.73475,0
1579766400000,165.05,165.80,163.90,163.94,21681.030,1579769999999,3571541.21940,3248,10997.350,1811511.22274,0
1579770000000,163.96,164.13,163.13,163.61,25780.267,1579773599999,4218113.30548,3808,10886.226,1781423.95298,0
1579773600000,163.68,164.06,162.59,163.68,18329.841,1579777199999,2993671.07483,2525,7102.164,1160194.56108,0
1579777200000,163.68,163.73,162.78,162.86,13488.575,1579780799999,2200963.71127,2171,6264.827,1022529.89224,0
1579780800000,162.86,163.51,161.86,162.96,23458.204,1579784399999,3817637.47030,3559,10602.818,1726687.28727,0
1579784400000,162.92,162.92,161.16,161.74,34413.220,1579787999999,5583840.47814,3593,12905.967,2095885.22952,0
1579788000000,161.81,162.55,161.37,162.31,15173.256,1579791599999,2457900.77229,2235,7197.249,1165908.47326,0
1579791600000,162.34,164.00,162.15,163.28,18435.653,1579795199999,3009448.75267,2766,9406.124,1535644.94269,0
1579795200000,163.28,163.55,162.13,162.58,15496.998,1579798799999,2522980.19840,2144,6006.110,977516.45647,0
1579798800000,162.54,163.67,161.24,161.92,22070.857,1579802399999,3587388.23720,2676,10397.702,1691736.15599,0
1579802400000,161.95,161.98,159.41,160.03,46219.376,1579805999999,7415171.29380,6507,21055.849,3378744.53672,0
1579806000000,159.97,161.17,159.63,160.70,13546.153,1579809599999,2174323.30562,1944,8340.079,1338832.67686,0
1579809600000,160.78,161.50,160.03,161.30,10341.358,1579813199999,1662860.43046,1572,5924.862,953334.76619,0
1579813200000,161.28,163.39,161.13,162.63,18602.493,1579816799999,3022455.29644,2697,8754.388,1422062.44291,0
1579816800000,162.62,163.63,162.59,163.14,6967.925,1579820399999,1136238.39932,1324,3349.902,546210.06251,0
1579820400000,163.13,163.37,161.90,162.97,13005.279,1579823999999,2113786.68105,2085,6236.203,1013860.70876,0
1579824000000,162.97,163.65,162.26,163.28,9813.493,1579827599999,1598724.77974,1341,4936.625,804653.45266,0
1579827600000,163.27,163.58,161.50,161.56,11089.121,1579831199999,1802640.69573,1551,5543.062,902021.40372,0
1579831200000,161.56,161.83,158.00,158.78,33766.253,1579834799999,5394244.13971,4663,15048.387,2406393.81075,0
1579834800000,158.75,160.08,158.44,159.14,15444.655,1579838399999,2459657.91994,2747,8595.604,1369263.31714,0
1579838400000,159.12,159.98,158.39,158.54,11479.279,1579841999999,1825857.36706,2126,5223.110,830887.16285,0
1579842000000,158.51,159.89,158.50,159.58,11658.481,1579845599999,1858329.16133,1947,6300.600,1004323.87012,0
1579845600000,159.57,160.17,158.91,159.67,11269.373,1579849199999,1796677.90368,1910,6274.044,1000337.87858,0
1579849200000,159.70,159.95,158.61,159.32,16461.829,1579852799999,2622182.69147,2316,6838.506,1089560.08319,0
1579852800000,159.41,159.41,158.64,159.01,8795.949,1579856399999,1398679.27096,1326,3827.223,608753.11382,0
1579856400000,159.06,159.30,155.93,156.34,34699.582,1579859999999,5458930.43007,4812,13845.445,2178433.33130,0
1579860000000,156.32,157.66,155.82,156.48,20991.376,1579863599999,3292373.82644,2495,7968.121,1250692.03756,0
1579863600000,156.49,161.20,155.72,160.79,43699.111,1579867199999,6926461.64620,5593,24901.989,3946637.24818,0
1579867200000,160.83,162.15,160.14,161.49,32544.326,1579870799999,5245659.84134,4358,15752.761,2540370.23484,0
1579870800000,161.51,162.12,160.13,161.81,25232.724,1579874399999,4062585.37676,2647,11311.894,1820949.49816,0
1579874400000,161.89,163.50,161.27,162.15,27289.815,1579877999999,4430480.88142,3671,16380.786,2660212.28475,0
1579878000000,162.17,163.20,161.34,162.72,24379.139,1579881599999,3955540.21724,2592,11687.301,1896751.30862,0
1579881600000,162.75,163.31,161.06,161.06,16619.982,1579885199999,2694580.72020,2623,6777.939,1099578.14272,0
1579885200000,161.10,161.76,160.75,161.32,14016.907,1579888799999,2259395.65990,2236,7680.865,1238469.71131,0
1579888800000,161.32,162.72,161.18,161.91,20010.715,1579892399999,3239027.35222,2255,8217.497,1330771.36911,0
1579892400000,161.91,164.65,161.64,163.87,32054.442,1579895999999,5238473.39459,4034,17366.573,2839086.91001,0
1579896000000,163.86,164.51,162.76,163.49,16767.792,1579899599999,2743529.94331,2705,7662.607,1254113.15921,0
1579899600000,163.52,163.94,163.19,163.40,9783.990,1579903199999,1600431.45488,1366,4901.350,802044.84669,0
1579903200000,163.40,163.49,162.09,163.16,10705.564,1579906799999,1741340.91206,1632,5289.810,860561.89828,0
1579906800000,163.20,164.18,162.22,162.63,13994.526,1579910399999,2278966.38519,1774,5614.275,914455.65405,0
1579910400000,162.66,162.69,158.20,158.79,32437.126,1579913999999,5182738.40799,4533,13008.509,2075066.89267,0
1579914000000,158.74,159.50,157.80,158.74,16531.746,1579917599999,2625909.53477,2417,8735.788,1388464.21391,0
1579917600000,158.74,159.66,158.41,159.41,9960.389,1579921199999,1583817.84099,1395,5564.862,885154.85993,0
1579921200000,159.45,160.00,158.83,159.15,7097.798,1579924799999,1132510.85225,1316,3681.643,587630.38002,0
1579924800000,159.15,160.76,158.85,159.56,8284.881,1579928399999,1323729.02958,1379,5250.453,838950.43779,0
1579928400000,159.60,160.13,158.81,159.84,9035.463,1579931999999,1440901.55032,1431,3936.641,627951.79663,0
1579932000000,159.78,160.35,159.45,159.58,6123.252,1579935599999,979303.22547,1077,2753.230,440423.10003,0
1579935600000,159.60,160.36,159.44,159.79,8460.661,1579939199999,1351778.15754,1008,3717.541,594258.81035,0
1579939200000,159.72,161.63,159.67,161.35,12803.238,1579942799999,2057073.99437,1977,6152.676,988543.78129,0
1579942800000,161.35,161.54,160.25,160.63,12655.965,1579946399999,2034846.14176,1603,5029.694,808157.43536,0
1579946400000,160.68,161.08,159.00,159.63,10322.477,1579949999999,1650762.37259,3200,5009.506,801772.74848,0
1579950000000,159.63,159.98,159.02,159.49,7996.895,1579953599999,1275231.52638,1377,4050.441,645949.39208,0
1579953600000,159.49,159.97,159.00,159.05,9769.915,1579957199999,1557336.47330,1180,4614.040,735602.86201,0
1579957200000,159.03,161.19,159.00,160.25,21625.548,1579960799999,3463864.36737,2488,10431.915,1670770.76151,0
1579960800000,160.26,161.17,160.11,160.22,8770.058,1579964399999,1408955.61967,1315,4664.324,749425.61616,0
1579964400000,160.20,160.80,159.84,160.59,9150.073,1579967999999,1465668.15726,1140,3214.269,515124.96249,0
1579968000000,160.61,161.70,160.14,161.25,22502.641,1579971599999,3624569.67836,2832,15562.170,2507543.48028,0
1579971600000,161.27,161.58,160.54,160.64,9872.077,1579975199999,1589580.39131,1331,4865.883,783854.14380,0
1579975200000,160.64,161.16,160.26,160.83,7224.181,1579978799999,1160981.38539,1280,3657.313,587697.84520,0
1579978800000,160.89,161.54,160.77,161.16,8481.252,1579982399999,1367415.90067,1226,4606.413,742882.95009,0
1579982400000,161.23,161.46,160.86,161.41,6498.768,1579985999999,1047535.96124,981,2610.925,420957.04589,0
1579986000000,161.41,162.54,161.18,161.78,14925.948,1579989599999,2416527.49908,2121,7483.407,1212039.66786,0
1579989600000,161.78,163.00,161.13,161.32,12405.147,1579993199999,2011753.68817,1856,6738.548,1093353.43001,0
1579993200000,161.29,162.03,160.26,160.52,9850.056,1579996799999,1587070.37186,1609,4045.951,652281.73644,0
1579996800000,160.50,160.73,159.50,160.31,17994.545,1580000399999,2881601.56733,2893,7842.690,1256617.62884,0
1580000400000,160.29,161.22,159.95,160.48,8396.784,1580003999999,1348575.38083,1534,3992.568,641477.64973,0
1580004000000,160.46,160.46,159.75,159.86,6867.037,1580007599999,1099072.81732,947,3598.751,576009.11309,0
1580007600000,159.86,162.00,159.78,161.32,13985.879,1580011199999,2255079.48862,1841,7260.722,1170283.83865,0
1580011200000,161.38,161.38,160.50,161.03,10360.815,1580014799999,1667184.07778,1150,4825.960,777013.82207,0
1580014800000,161.03,161.88,160.97,161.21,7417.168,1580018399999,1196746.14176,1125,3434.075,554391.71880,0
1580018400000,161.15,161.60,160.75,160.98,5980.760,1580021999999,963226.78034,1019,2929.457,471915.38173,0
1580022000000,160.97,161.41,160.81,161.33,7500.665,1580025599999,1209462.07641,903,5326.172,858995.30361,0
1580025600000,161.38,163.84,161.01,162.59,32180.904,1580029199999,5229785.07019,3903,17985.434,2922795.99396,0
1580029200000,162.59,163.10,161.81,162.52,15886.503,1580032799999,2579201.84136,1753,5046.582,820058.23831,0
1580032800000,162.48,163.40,162.13,162.96,7967.956,1580036399999,1297136.34595,1461,3391.311,552230.62554,0
1580036400000,163.03,163.50,162.72,163.30,8038.107,1580039999999,1311231.80062,1332,3678.997,600328.95435,0
1580040000000,163.31,164.00,163.01,163.63,16697.759,1580043599999,2733588.03673,1992,11553.780,1892229.09090,0
1580043600000,163.68,163.99,162.88,163.41,12888.657,1580047199999,2106765.13387,1775,4855.975,793914.80423,0
1580047200000,163.41,163.80,163.03,163.44,6903.718,1580050799999,1128505.32545,1108,3372.815,551440.49993,0
1580050800000,163.44,164.08,163.03,163.44,12269.426,1580054399999,2007001.09773,1672,5631.298,921492.66401,0
1580054400000,163.48,164.87,163.24,164.86,30656.429,1580057999999,5025702.01700,3298,15336.740,2514979.92617,0
1580058000000,164.86,166.77,164.64,166.46,29069.560,1580061599999,4824236.69281,4139,16263.689,2698478.42757,0
1580061600000,166.50,167.13,166.00,166.47,15909.465,1580065199999,2650639.02106,2367,8457.480,1409435.03627,0
1580065200000,166.48,166.60,165.88,166.25,12356.006,1580068799999,2053961.41735,1420,5263.923,875374.59273,0
1580068800000,166.23,167.70,166.13,166.64,13364.777,1580072399999,2232495.38002,1938,7033.297,1175080.43535,0
1580072400000,166.67,167.70,166.56,167.34,8991.790,1580075999999,1503189.14593,1190,5531.716,925445.32304,0
1580076000000,167.34,168.00,166.63,167.18,12446.765,1580079599999,2083489.90926,1657,6397.937,1071488.17594,0
1580079600000,167.20,168.16,167.00,167.90,12057.388,1580083199999,2021397.84160,1418,6534.898,1095669.21450,0
1580083200000,167.98,169.94,167.96,168.60,39345.076,1580086799999,6645726.55745,3884,20537.376,3469653.80821,0
1580086800000,168.57,169.68,168.25,168.34,11705.803,1580090399999,1976339.24120,1370,5255.070,887065.80610,0
1580090400000,168.37,168.49,167.56,167.80,15109.468,1580093999999,2537440.31111,1327,6439.639,1081490.60670,0
1580094000000,167.80,168.12,167.50,167.80,8588.581,1580097599999,1441056.97437,1075,4284.226,718796.10959,0
1580097600000,167.80,168.73,166.57,167.12,21189.363,1580101199999,3547392.76954,2406,8817.563,1476709.92566,0
1580101200000,167.12,167.75,166.55,167.26,10626.333,1580104799999,1775837.47091,1175,5842.737,976361.75081,0
1580104800000,167.26,167.96,167.00,167.45,9202.619,1580108399999,1540893.59676,1180,3581.334,599596.12945,0
1580108400000,167.45,167.71,167.10,167.54,6560.431,1580111999999,1098402.24559,872,2657.861,445030.74683,0
1580112000000,167.47,167.47,165.28,165.94,23362.526,1580115599999,3885403.20260,2679,8348.087,1388451.47030,0
1580115600000,165.89,166.83,165.50,166.61,10872.236,1580119199999,1807635.92814,1591,6382.586,1061395.61832,0
1580119200000,166.65,167.53,165.90,166.12,12670.193,1580122799999,2110660.59811,1686,5464.501,910517.43083,0
1580122800000,166.06,169.11,165.93,168.64,24023.431,1580126399999,4034825.67575,3754,13311.540,2236016.68261,0
1580126400000,168.67,170.30,168.30,169.66,27337.364,1580129999999,4628912.36406,3633,14646.760,2481735.93413,0
1580130000000,169.68,171.00,168.86,169.25,23931.447,1580133599999,4070016.45950,3252,11591.844,1972864.11442,0
1580133600000,169.25,170.27,168.86,170.14,14408.209,1580137199999,2440851.21049,1893,7282.059,1233820.96844,0
1580137200000,170.16,170.94,169.67,170.10,15740.161,1580140799999,2679957.91464,2387,8410.684,1432306.56116,0
1580140800000,170.14,171.35,169.19,170.44,22270.517,1580144399999,3794197.41376,3091,10722.492,1827520.58943,0
1580144400000,170.42,171.34,169.58,169.80,17426.230,1580147999999,2972841.93103,2297,8906.600,1519365.15833,0
1580148000000,169.82,171.47,169.27,171.45,14764.295,1580151599999,2514019.25677,2254,9259.484,1576864.73265,0
1580151600000,171.43,171.82,170.42,171.38,27366.340,1580155199999,4683930.43557,4078,14613.185,2501852.56827,0
1580155200000,171.38,172.23,171.16,172.10,20683.769,1580158799999,3554115.77927,2252,10849.091,1864308.73246,0
1580158800000,172.14,172.26,170.78,171.71,15793.704,1580162399999,2706103.25261,1896,7002.124,1200189.65063,0
1580162400000,171.70,171.82,169.78,170.34,12018.626,1580165999999,2050781.34779,1751,5443.155,928876.13799,0
1580166000000,170.34,171.00,170.06,170.21,13043.070,1580169599999,2223527.08622,1418,5958.966,1015782.20120,0
1580169600000,170.25,172.99,170.22,171.72,31574.625,1580173199999,5423017.49135,4523,17955.376,3083678.78402,0
1580173200000,171.69,174.34,171.69,173.67,33887.014,1580176799999,5874070.82843,5525,18506.967,3208751.07868,0
1580176800000,173.66,173.82,172.78,173.47,11522.104,1580180399999,1996860.37259,1425,5363.520,929807.33333,0
1580180400000,173.47,173.47,172.31,173.22,12889.953,1580183999999,2228650.50291,1550,5885.397,1017716.13253,0
1580184000000,173.30,173.94,172.39,172.64,14021.563,1580187599999,2430279.56995,1816,7185.637,1245732.48181,0
1580187600000,172.62,172.95,171.42,172.32,14004.488,1580191199999,2412012.26246,2460,5863.605,1009949.95104,0
1580191200000,172.33,172.53,171.07,171.70,19293.428,1580194799999,3310968.72875,2484,8767.130,1504556.50051,0
1580194800000,171.73,173.09,171.45,172.18,17882.075,1580198399999,3084008.87935,2168,9296.409,1603506.02810,0
1580198400000,172.15,172.15,171.11,171.29,14195.884,1580201999999,2436506.80255,2126,6489.543,1114147.03570,0
1580202000000,171.29,171.72,170.77,171.01,12839.075,1580205599999,2198459.34021,1707,5668.161,970819.28465,0
1580205600000,171.01,172.78,170.37,172.11,24261.836,1580209199999,4166848.36996,3033,14178.783,2438012.06512,0
1580209200000,172.15,173.40,171.67,172.25,19959.833,1580212799999,3446932.48475,2995,8831.248,1525533.61950,0
1580212800000,172.25,172.40,170.82,171.84,22744.558,1580216399999,3901884.38157,2452,9039.067,1550470.12734,0
1580216400000,171.85,173.05,171.48,172.40,24331.567,1580219999999,4194902.83846,2682,15789.989,2722990.01129,0
1580220000000,172.40,175.22,172.28,172.56,49529.180,1580223599999,8611790.98556,7068,25652.544,4461366.88243,0
1580223600000,172.55,173.22,171.00,172.58,30637.440,1580227199999,5273660.71972,4254,14441.345,2485757.34771,0
1580227200000,172.60,173.33,171.30,171.44,18522.506,1580230799999,3190506.23440,2439,7889.772,1359379.76144,0
1580230800000,171.40,171.86,170.47,171.35,18202.868,1580234399999,3116174.77250,2775,8501.196,1455678.20576,0
1580234400000,171.34,172.05,171.00,171.21,15009.911,1580237999999,2574336.73085,1861,6934.273,1189291.70578,0
1580238000000,171.21,172.15,170.82,171.57,11306.990,1580241599999,1939667.14324,1462,6306.130,1081954.55606,0
1580241600000,171.54,173.10,171.54,172.77,17310.234,1580245199999,2985695.75471,2279,9936.735,1713634.28355,0
1580245200000,172.78,174.38,172.27,172.27,20915.971,1580248799999,3628162.44563,2633,9520.921,1652566.08998,0
1580248800000,172.30,174.71,172.30,174.01,11458.759,1580252399999,1991987.91701,2064,7320.154,1272478.32217,0
1580252400000,174.03,176.70,173.57,175.88,58980.597,1580255999999,10341405.64583,8329,34680.159,6078522.50267,0
1580256000000,175.89,177.34,175.53,176.15,49718.037,1580259599999,8772058.42911,6557,25719.875,4539637.97993,0
1580259600000,176.13,177.97,176.13,177.25,22167.989,1580263199999,3926593.65801,2469,11014.173,1951502.15751,0
1580263200000,177.30,177.63,175.88,176.12,21414.015,1580266799999,3776267.67010,2362,8020.911,1414376.77957,0
1580266800000,176.13,177.14,176.10,176.70,10518.772,1580270399999,1856315.25713,1399,4979.171,878762.99293,0
1580270400000,176.76,177.45,176.15,176.66,10683.967,1580273999999,1888094.65572,1167,3344.220,591380.31858,0
1580274000000,176.68,177.39,176.54,177.09,6262.519,1580277599999,1108800.29713,857,3950.387,699478.01251,0
1580277600000,177.07,178.85,177.05,177.59,29959.422,1580281199999,5329956.74296,3029,16856.391,2999422.27642,0
1580281200000,177.59,178.55,177.07,178.23,8205.408,1580284799999,1459818.85805,1502,3800.412,676011.89749,0
1580284800000,178.24,178.69,177.84,178.64,12922.703,1580288399999,2303920.30750,1574,5699.234,1016393.44437,0
1580288400000,178.62,178.63,176.31,176.60,16851.309,1580291999999,2987896.06703,2475,7201.545,1276403.79775,0
1580292000000,176.60,178.36,174.53,178.00,33354.146,1580295599999,5879205.81925,4014,13989.792,2468438.66398,0
1580295600000,178.00,178.14,175.24,176.39,22688.997,1580299199999,4000710.46180,3821,10530.979,1856517.08636,0
1580299200000,176.36,176.52,175.00,175.78,15118.890,1580302799999,2658621.83074,2578,6301.119,1108041.91320,0
1580302800000,175.84,176.80,175.26,176.01,14751.308,1580306399999,2597580.60199,2470,8358.977,1471806.84503,0
1580306400000,176.01,176.72,175.36,176.70,14683.595,1580309999999,2584780.17310,2227,8633.574,1520336.74339,0
1580310000000,176.72,176.73,175.16,175.35,13033.975,1580313599999,2293693.70205,1989,4768.978,838923.92176,0
1580313600000,175.35,177.42,174.81,177.09,16851.727,1580317199999,2971596.06778,2980,9034.015,1594220.86258,0
1580317200000,177.02,177.16,176.20,176.35,13590.484,1580320799999,2399453.49040,1831,4608.062,813491.35982,0
1580320800000,176.35,176.93,176.21,176.64,6530.201,1580324399999,1152888.80927,1191,3298.590,582421.84230,0
1580324400000,176.64,177.20,175.85,176.89,9160.111,1580327999999,1616794.23717,1937,4457.234,786969.72282,0
1580328000000,177.00,177.05,175.81,176.72,9858.010,1580331599999,1740321.68997,2354,4228.307,746532.89516,0
1580331600000,176.74,177.50,175.72,176.33,12815.412,1580335199999,2260513.83680,2610,6614.251,1167249.13114,0
1580335200000,176.33,176.55,175.41,176.07,7938.342,1580338799999,1397496.21783,1443,2729.054,480319.84439,0
1580338800000,176.07,176.34,173.30,173.80,22540.266,1580342399999,3937688.79952,3079,7476.146,1307659.09786,0
1580342400000,173.86,174.14,171.07,173.25,37929.271,1580345999999,6545831.29414,5087,15648.444,2700612.31268,0
1580346000000,173.21,174.16,172.05,174.05,10645.194,1580349599999,1841840.68542,1650,5271.927,912337.36914,0
1580349600000,173.97,173.97,172.18,172.64,11547.378,1580353199999,1997571.27360,1410,5856.092,1012810.09962,0
1580353200000,172.64,173.66,172.42,173.60,8975.332,1580356799999,1554201.07298,1152,4617.646,799923.03315,0
1580356800000,173.62,174.80,173.54,174.48,14495.988,1580360399999,2527767.93835,2250,8352.279,1456379.84424,0
1580360400000,174.50,174.74,173.94,174.07,12161.904,1580363999999,2119674.82708,1841,5093.843,887813.33649,0
1580364000000,174.07,174.55,173.71,174.26,13475.422,1580367599999,2347071.14831,1902,6590.654,1147752.62501,0
1580367600000,174.30,177.02,174.10,176.34,30090.075,1580371199999,5288628.74417,3821,15117.800,2658794.53871,0
1580371200000,176.34,177.15,175.70,176.19,18600.541,1580374799999,3279146.94012,3006,8868.988,1563708.80680,0
1580374800000,176.19,176.99,175.04,176.05,17657.347,1580378399999,3105055.20385,2509,8569.666,1507024.49119,0
1580378400000,176.10,176.34,174.96,175.00,12008.864,1580381999999,2107920.58848,1687,4623.686,811764.02660,0
1580382000000,175.00,175.74,174.50,175.51,18915.284,1580385599999,3311695.03507,2244,8985.380,1573408.86263,0
1580385600000,175.48,176.90,175.21,176.61,21192.301,1580389199999,3731180.51244,3587,10960.415,1929422.85019,0
1580389200000,176.65,177.70,176.11,177.26,25482.974,1580392799999,4507679.73009,3862,14134.766,2501244.56491,0
1580392800000,177.26,177.70,175.50,176.02,24883.548,1580396399999,4385624.04833,3574,11764.439,2073566.28519,0
1580396400000,176.03,177.80,175.77,177.75,22972.078,1580399999999,4059913.72939,2893,12651.638,2236550.91034,0
1580400000000,177.79,180.64,174.80,177.89,109147.101,1580403599999,19416875.47895,11841,57198.218,10189635.37585,0
1580403600000,177.91,180.71,177.91,179.81,61562.638,1580407199999,11054352.57215,8118,34480.110,6192827.82590,0
1580407200000,179.81,181.57,179.74,181.32,23300.291,1580410799999,4208108.56854,3491,11125.842,2010579.30059,0
1580410800000,181.34,182.39,180.60,181.75,18539.203,1580414399999,3365994.86961,2717,8933.770,1622563.07844,0
1580414400000,181.81,185.89,181.79,184.97,49636.185,1580417999999,9146148.65251,6324,25608.466,4716451.78930,0
1580418000000,184.97,185.79,184.00,185.61,28157.906,1580421599999,5201764.06896,3408,13574.329,2509696.30878,0
1580421600000,185.61,187.12,184.32,187.11,17532.401,1580425199999,3255450.95496,2688,8650.938,1607132.60742,0
1580425200000,187.13,187.40,183.56,185.14,44861.382,1580428799999,8305935.77406,5856,19847.369,3674994.94205,0
1580428800000,185.16,186.34,184.07,184.48,30053.737,1580432399999,5565777.67303,3510,14418.349,2670921.28390,0
1580432400000,184.47,185.46,183.51,184.34,23026.485,1580435999999,4243866.81148,2667,9920.533,1828608.96965,0
1580436000000,184.34,184.38,182.57,183.77,35877.589,1580439599999,6580564.40414,4321,14394.892,2641277.55450,0
1580439600000,183.79,184.50,183.64,183.77,22963.989,1580443199999,4231292.55233,2469,11603.638,2138623.39026,0
1580443200000,183.78,184.10,182.02,182.69,21858.382,1580446799999,4004809.38273,2844,10353.239,1897210.11356,0
1580446800000,182.69,183.07,181.14,181.68,36393.181,1580450399999,6633103.45572,3943,14800.959,2697350.71621,0
1580450400000,181.68,183.90,181.38,183.44,24120.417,1580453999999,4409903.25907,3416,11977.810,2189645.16417,0
1580454000000,183.44,183.46,182.00,182.66,19328.566,1580457599999,3526785.67535,2517,7632.878,1392736.59133,0
1580457600000,182.67,183.50,181.65,183.13,15346.145,1580461199999,2802233.48590,2211,7198.462,1314558.07148,0
1580461200000,183.13,184.00,182.33,182.55,17858.952,1580464799999,3273313.89630,2161,8456.475,1549927.41336,0
1580464800000,182.57,183.00,180.63,181.96,42934.162,1580468399999,7812515.91638,5398,20877.028,3799021.65904,0
1580468400000,181.99,181.99,180.77,181.19,25466.486,1580471999999,4615955.84302,3117,12087.181,2190838.63905,0
1580472000000,181.19,181.19,176.57,178.23,76995.911,1580475599999,13774719.86493,9650,28465.103,5090740.88089,0
1580475600000,178.23,179.17,175.50,178.49,58309.893,1580479199999,10352424.97469,7431,32183.054,5715375.75956,0
1580479200000,178.48,179.24,176.51,178.23,28589.745,1580482799999,5087881.25768,3435,12245.379,2180536.62559,0
1580482800000,178.23,180.33,177.97,180.20,21644.117,1580486399999,3874605.61143,2676,11885.473,2128585.10463,0
1580486400000,180.20,180.94,177.75,178.75,38996.445,1580489999999,7006918.40246,4746,19452.953,3496179.24607,0
1580490000000,178.75,179.24,178.16,178.78,18818.660,1580493599999,3364444.41630,2272,10174.347,1819009.53320,0
1580493600000,178.73,179.83,178.59,179.76,12169.207,1580497199999,2180066.67910,1680,5998.557,1074551.77908,0
1580497200000,179.78,180.28,179.27,179.64,12455.266,1580500799999,2238891.22891,1423,5443.330,978635.12524,0
1580500800000,179.63,181.17,179.53,180.85,22321.532,1580504399999,4028950.63814,2713,11073.437,1999071.01981,0
1580504400000,180.85,181.54,180.41,181.20,14895.544,1580507999999,2696314.42423,1702,7512.861,1359973.92435,0
1580508000000,181.20,182.83,180.78,182.12,23061.648,1580511599999,4191762.41195,2655,11931.237,2168394.35523,0
1580511600000,182.08,182.29,179.43,180.14,29035.990,1580515199999,5247408.50557,3849,14405.100,2603430.45097,0
